"ID","Description","Count","p.adjust","GeneRatio"
"GO:0006959","humoral immune response",33,7.83049132769565e-14,"33/377"
"GO:0019730","antimicrobial humoral response",24,1.22527858018489e-11,"24/377"
"GO:0008210","estrogen metabolic process",13,2.74003677305955e-09,"13/377"
"GO:0031640","killing of cells of another organism",17,2.74003677305955e-09,"17/377"
"GO:0141061","disruption of cell in another organism",17,2.74003677305955e-09,"17/377"
"GO:0009812","flavonoid metabolic process",9,2.99489210674838e-09,"9/377"
"GO:0042742","defense response to bacterium",27,3.64181727899623e-09,"27/377"
"GO:0006953","acute-phase response",13,3.64181727899623e-09,"13/377"
"GO:0141060","disruption of anatomical structure in another organism",17,3.64181727899623e-09,"17/377"
"GO:0061844","antimicrobial humoral immune response mediated by antimicrobial peptide",17,3.3569609256328e-08,"17/377"
"GO:0010817","regulation of hormone levels",36,4.84345890422369e-08,"36/377"
"GO:0008202","steroid metabolic process",28,4.84345890422369e-08,"28/377"
"GO:0006956","complement activation",14,4.84345890422369e-08,"14/377"
"GO:0002526","acute inflammatory response",16,9.30237627081317e-08,"16/377"
"GO:0034372","very-low-density lipoprotein particle remodeling",8,1.52288389555693e-07,"8/377"
"GO:0034370","triglyceride-rich lipoprotein particle remodeling",8,2.7939903093212e-07,"8/377"
"GO:0006805","xenobiotic metabolic process",18,3.22004983841724e-07,"18/377"
"GO:0051384","response to glucocorticoid",17,3.78454611093029e-07,"17/377"
"GO:0042440","pigment metabolic process",14,4.98635458905706e-07,"14/377"
"GO:0031960","response to corticosteroid",18,4.98635458905706e-07,"18/377"
"GO:0019216","regulation of lipid metabolic process",27,4.98635458905706e-07,"27/377"
"GO:0019217","regulation of fatty acid metabolic process",15,8.63819893050974e-07,"15/377"
"GO:0042730","fibrinolysis",9,9.36942043792266e-07,"9/377"
"GO:0034368","protein-lipid complex remodeling",10,1.02278203437587e-06,"10/377"
"GO:0034369","plasma lipoprotein particle remodeling",10,1.02278203437587e-06,"10/377"
"GO:0034367","protein-containing complex remodeling",10,1.31349550023059e-06,"10/377"
"GO:0071384","cellular response to corticosteroid stimulus",12,1.31349550023059e-06,"12/377"
"GO:0009410","response to xenobiotic stimulus",28,1.31349550023059e-06,"28/377"
"GO:0016125","sterol metabolic process",18,1.49924604810093e-06,"18/377"
"GO:0042445","hormone metabolic process",21,1.71877624715008e-06,"21/377"
"GO:0030195","negative regulation of blood coagulation",11,1.75513449553721e-06,"11/377"
"GO:0071385","cellular response to glucocorticoid stimulus",11,1.75513449553721e-06,"11/377"
"GO:1900047","negative regulation of hemostasis",11,1.75513449553721e-06,"11/377"
"GO:0009617","response to bacterium",34,2.05387844898271e-06,"34/377"
"GO:0019731","antibacterial humoral response",12,2.33794894360718e-06,"12/377"
"GO:0071466","cellular response to xenobiotic stimulus",19,3.08698512943544e-06,"19/377"
"GO:0050819","negative regulation of coagulation",11,3.08698512943544e-06,"11/377"
"GO:0001889","liver development",14,3.46998786970558e-06,"14/377"
"GO:0061008","hepaticobiliary system development",14,3.90714669543197e-06,"14/377"
"GO:0010565","regulation of ketone metabolic process",16,4.30527754667543e-06,"16/377"
"GO:0030193","regulation of blood coagulation",12,5.04527592190587e-06,"12/377"
"GO:1900046","regulation of hemostasis",12,5.86754381569093e-06,"12/377"
"GO:0061045","negative regulation of wound healing",12,6.80587186818878e-06,"12/377"
"GO:0050818","regulation of coagulation",12,1.09378796143462e-05,"12/377"
"GO:0045922","negative regulation of fatty acid metabolic process",9,1.15897138540501e-05,"9/377"
"GO:0006958","complement activation, classical pathway",9,1.45498134945481e-05,"9/377"
"GO:0071827","plasma lipoprotein particle organization",10,1.45498134945481e-05,"10/377"
"GO:0048545","response to steroid hormone",24,1.75363642854911e-05,"24/377"
"GO:0071825","protein-lipid complex organization",10,2.09728754360736e-05,"10/377"
"GO:0001906","cell killing",18,2.62223426886851e-05,"18/377"
"GO:0097006","regulation of plasma lipoprotein particle levels",12,2.73764541186642e-05,"12/377"
"GO:0045833","negative regulation of lipid metabolic process",13,2.73764541186642e-05,"13/377"
"GO:0008228","opsonization",7,2.73764541186642e-05,"7/377"
"GO:0048732","gland development",20,2.73764541186642e-05,"20/377"
"GO:0033700","phospholipid efflux",6,3.22125058807137e-05,"6/377"
"GO:0050878","regulation of body fluid levels",24,3.3372147073107e-05,"24/377"
"GO:0002455","humoral immune response mediated by circulating immunoglobulin",9,3.80051467205696e-05,"9/377"
"GO:0042167","heme catabolic process",6,4.90058454573493e-05,"6/377"
"GO:0046149","pigment catabolic process",6,4.90058454573493e-05,"6/377"
"GO:0034381","plasma lipoprotein particle clearance",9,5.49480467362464e-05,"9/377"
"GO:0006641","triglyceride metabolic process",12,5.93754951651855e-05,"12/377"
"GO:0007596","blood coagulation",19,6.58089803507175e-05,"19/377"
"GO:0050817","coagulation",19,6.9552878830685e-05,"19/377"
"GO:0006787","porphyrin-containing compound catabolic process",6,6.96905990657511e-05,"6/377"
"GO:0033015","tetrapyrrole catabolic process",6,6.96905990657511e-05,"6/377"
"GO:1903035","negative regulation of response to wounding",12,7.07631066249121e-05,"12/377"
"GO:0007599","hemostasis",19,9.27914172266711e-05,"19/377"
"GO:0002920","regulation of humoral immune response",8,0.000100168408129068,"8/377"
"GO:0006910","phagocytosis, recognition",7,0.000107936787054334,"7/377"
"GO:0006631","fatty acid metabolic process",25,0.000119827266411532,"25/377"
"GO:0062012","regulation of small molecule metabolic process",22,0.000142185183929506,"22/377"
"GO:0031638","zymogen activation",9,0.000199540062072854,"9/377"
"GO:0071383","cellular response to steroid hormone stimulus",17,0.000220779522714504,"17/377"
"GO:0051918","negative regulation of fibrinolysis",5,0.000265005698852719,"5/377"
"GO:0062014","negative regulation of small molecule metabolic process",12,0.000276290508195871,"12/377"
"GO:0006721","terpenoid metabolic process",12,0.000299173910969724,"12/377"
"GO:0046461","neutral lipid catabolic process",8,0.000299173910969724,"8/377"
"GO:0046464","acylglycerol catabolic process",8,0.000299173910969724,"8/377"
"GO:0019433","triglyceride catabolic process",7,0.000338699386769013,"7/377"
"GO:0034114","regulation of heterotypic cell-cell adhesion",6,0.000345446025059946,"6/377"
"GO:0010876","lipid localization",26,0.000367345318661814,"26/377"
"GO:0045834","positive regulation of lipid metabolic process",13,0.000458881723694022,"13/377"
"GO:0055002","striated muscle cell development",13,0.000458881723694022,"13/377"
"GO:0061041","regulation of wound healing",13,0.000458881723694022,"13/377"
"GO:0050832","defense response to fungus",8,0.000464454773996946,"8/377"
"GO:0055090","acylglycerol homeostasis",8,0.000464454773996946,"8/377"
"GO:0006638","neutral lipid metabolic process",12,0.000523466043074671,"12/377"
"GO:0006639","acylglycerol metabolic process",12,0.000523466043074671,"12/377"
"GO:0006720","isoprenoid metabolic process",12,0.000684862595317162,"12/377"
"GO:0072378","blood coagulation, fibrin clot formation",6,0.000715205482795376,"6/377"
"GO:0010896","regulation of triglyceride catabolic process",5,0.000768420840836517,"5/377"
"GO:0042180","ketone metabolic process",16,0.000858843864990901,"16/377"
"GO:0045471","response to ethanol",12,0.000858843864990901,"12/377"
"GO:0009620","response to fungus",8,0.000950142111023221,"8/377"
"GO:0030449","regulation of complement activation",6,0.0011097890244339,"6/377"
"GO:0030239","myofibril assembly",9,0.0011097890244339,"9/377"
"GO:0090207","regulation of triglyceride metabolic process",7,0.00114041583819573,"7/377"
"GO:0006869","lipid transport",24,0.00122346404678258,"24/377"
"GO:0072376","protein activation cascade",6,0.00134285833586089,"6/377"
"GO:0006957","complement activation, alternative pathway",5,0.00136947797515794,"5/377"
"GO:0051917","regulation of fibrinolysis",5,0.00136947797515794,"5/377"
"GO:0055001","muscle cell development",13,0.00138463354862033,"13/377"
"GO:0042632","cholesterol homeostasis",10,0.00140863829234403,"10/377"
"GO:0042060","wound healing",23,0.0014863962836908,"23/377"
"GO:0055092","sterol homeostasis",10,0.00152974871728085,"10/377"
"GO:0043691","reverse cholesterol transport",5,0.00177022242586845,"5/377"
"GO:0006544","glycine metabolic process",4,0.00199758490521034,"4/377"
"GO:0019585","glucuronate metabolic process",4,0.00199758490521034,"4/377"
"GO:0070508","cholesterol import",4,0.00199758490521034,"4/377"
"GO:0050994","regulation of lipid catabolic process",8,0.00244005502216274,"8/377"
"GO:1903034","regulation of response to wounding",13,0.00257655453378423,"13/377"
"GO:0009611","response to wounding",26,0.00257655453378423,"26/377"
"GO:0070328","triglyceride homeostasis",7,0.00261642458164547,"7/377"
"GO:0007585","respiratory gaseous exchange by respiratory system",6,0.00321575724838725,"6/377"
"GO:0009743","response to carbohydrate",14,0.00322481447730771,"14/377"
"GO:0016485","protein processing",15,0.00358283472044479,"15/377"
"GO:0042359","vitamin D metabolic process",5,0.00358283472044479,"5/377"
"GO:0050804","modulation of chemical synaptic transmission",24,0.00375331184294461,"24/377"
"GO:0001523","retinoid metabolic process",9,0.00375331184294461,"9/377"
"GO:0099177","regulation of trans-synaptic signaling",24,0.00396564278190986,"24/377"
"GO:0050829","defense response to Gram-negative bacterium",8,0.00396632671358366,"8/377"
"GO:0060541","respiratory system development",9,0.00396632671358366,"9/377"
"GO:0034384","high-density lipoprotein particle clearance",4,0.00396632671358366,"4/377"
"GO:0032102","negative regulation of response to external stimulus",21,0.00396632671358366,"21/377"
"GO:0044057","regulation of system process",26,0.00396632671358366,"26/377"
"GO:1901605","alpha-amino acid metabolic process",14,0.00396632671358366,"14/377"
"GO:0034377","plasma lipoprotein particle assembly",5,0.00415264936464836,"5/377"
"GO:0090208","positive regulation of triglyceride metabolic process",5,0.00415264936464836,"5/377"
"GO:0009914","hormone transport",17,0.00430240068298712,"17/377"
"GO:0051146","striated muscle cell differentiation",17,0.00430240068298712,"17/377"
"GO:1903530","regulation of secretion by cell",25,0.00450578160393688,"25/377"
"GO:0016101","diterpenoid metabolic process",9,0.0045145113040799,"9/377"
"GO:0045723","positive regulation of fatty acid biosynthetic process",5,0.00500371999107178,"5/377"
"GO:0030324","lung development",8,0.00505401013581337,"8/377"
"GO:0006570","tyrosine metabolic process",4,0.00513857683673529,"4/377"
"GO:0034116","positive regulation of heterotypic cell-cell adhesion",4,0.00513857683673529,"4/377"
"GO:0170039","proteinogenic amino acid metabolic process",12,0.00526516800724377,"12/377"
"GO:0010038","response to metal ion",18,0.00526516800724377,"18/377"
"GO:0015711","organic anion transport",22,0.00542789869327498,"22/377"
"GO:0098739","import across plasma membrane",16,0.00580388397825632,"16/377"
"GO:0065005","protein-lipid complex assembly",5,0.00583912554409004,"5/377"
"GO:0030323","respiratory tube development",8,0.00583912554409004,"8/377"
"GO:0046503","glycerolipid catabolic process",8,0.00583912554409004,"8/377"
"GO:0051703","biological process involved in intraspecies interaction between organisms",6,0.00588434186763714,"6/377"
"GO:0051046","regulation of secretion",26,0.00593126645682563,"26/377"
"GO:0033344","cholesterol efflux",7,0.00596630315364109,"7/377"
"GO:0055080","monoatomic cation homeostasis",23,0.00621399935471762,"23/377"
"GO:0050830","defense response to Gram-positive bacterium",8,0.00624635590810186,"8/377"
"GO:0032372","negative regulation of sterol transport",4,0.00635332784542495,"4/377"
"GO:0032375","negative regulation of cholesterol transport",4,0.00635332784542495,"4/377"
"GO:0044406","adhesion of symbiont to host",4,0.00635332784542495,"4/377"
"GO:0045923","positive regulation of fatty acid metabolic process",6,0.00648342859413662,"6/377"
"GO:0170040","proteinogenic amino acid catabolic process",9,0.00666818382534356,"9/377"
"GO:0030194","positive regulation of blood coagulation",5,0.00784577173201565,"5/377"
"GO:0050996","positive regulation of lipid catabolic process",5,0.00784577173201565,"5/377"
"GO:1900048","positive regulation of hemostasis",5,0.00784577173201565,"5/377"
"GO:0050801","monoatomic ion homeostasis",23,0.00811886213108345,"23/377"
"GO:0002922","positive regulation of humoral immune response",4,0.00811886213108345,"4/377"
"GO:1902652","secondary alcohol metabolic process",11,0.00818819621775975,"11/377"
"GO:0090277","positive regulation of peptide hormone secretion",9,0.00889182354146741,"9/377"
"GO:0055088","lipid homeostasis",12,0.00941652205690321,"12/377"
"GO:0002793","positive regulation of peptide secretion",9,0.0095150169594366,"9/377"
"GO:0097305","response to alcohol",15,0.00962949516050603,"15/377"
"GO:0034284","response to monosaccharide",12,0.00979641414860094,"12/377"
"GO:0023061","signal release",21,0.00980231442288162,"21/377"
"GO:0034383","low-density lipoprotein particle clearance",5,0.0105140736596117,"5/377"
"GO:0050820","positive regulation of coagulation",5,0.0105140736596117,"5/377"
"GO:1905952","regulation of lipid localization",11,0.0106585726279076,"11/377"
"GO:0098771","inorganic ion homeostasis",20,0.010883431798419,"20/377"
"GO:0045109","intermediate filament organization",6,0.0115370502276529,"6/377"
"GO:0015850","organic hydroxy compound transport",15,0.0115407566850182,"15/377"
"GO:0046883","regulation of hormone secretion",14,0.0120917823608112,"14/377"
"GO:1901606","alpha-amino acid catabolic process",9,0.0121427678314623,"9/377"
"GO:0090276","regulation of peptide hormone secretion",12,0.0122164974366381,"12/377"
"GO:0042157","lipoprotein metabolic process",8,0.0122164974366381,"8/377"
"GO:1903027","regulation of opsonization",4,0.0122195752495578,"4/377"
"GO:0009306","protein secretion",17,0.0131623464815383,"17/377"
"GO:0060538","skeletal muscle organ development",9,0.013690488821875,"9/377"
"GO:0030072","peptide hormone secretion",13,0.0139039256195951,"13/377"
"GO:0002791","regulation of peptide secretion",12,0.0139166268253708,"12/377"
"GO:0071692","protein localization to extracellular region",17,0.0139166268253708,"17/377"
"GO:0035592","establishment of protein localization to extracellular region",17,0.0143537430792045,"17/377"
"GO:0050708","regulation of protein secretion",14,0.0143537430792045,"14/377"
"GO:0051047","positive regulation of secretion",16,0.0143537430792045,"16/377"
"GO:0034375","high-density lipoprotein particle remodeling",4,0.0143537430792045,"4/377"
"GO:0006835","dicarboxylic acid transport",8,0.0143537430792045,"8/377"
"GO:0090087","regulation of peptide transport",12,0.0143537430792045,"12/377"
"GO:0046879","hormone secretion",15,0.0143537430792045,"15/377"
"GO:0010927","cellular component assembly involved in morphogenesis",9,0.0143537430792045,"9/377"
"GO:0032989","cellular anatomical entity morphogenesis",9,0.0143537430792045,"9/377"
"GO:0042168","heme metabolic process",6,0.0143537430792045,"6/377"
"GO:0042304","regulation of fatty acid biosynthetic process",6,0.0143537430792045,"6/377"
"GO:0046887","positive regulation of hormone secretion",10,0.0143537430792045,"10/377"
"GO:0098704","carbohydrate import across plasma membrane",7,0.0143537430792045,"7/377"
"GO:0098708","D-glucose import across plasma membrane",7,0.0143537430792045,"7/377"
"GO:0140271","hexose import across plasma membrane",7,0.0143537430792045,"7/377"
"GO:0031424","keratinization",5,0.0143537430792045,"5/377"
"GO:0042573","retinoic acid metabolic process",5,0.0143537430792045,"5/377"
"GO:0090075","relaxation of muscle",5,0.0143537430792045,"5/377"
"GO:0002790","peptide secretion",13,0.0144220688172074,"13/377"
"GO:0046394","carboxylic acid biosynthetic process",17,0.0163582349926924,"17/377"
"GO:0031630","regulation of synaptic vesicle fusion to presynaptic active zone membrane",4,0.0165912984813262,"4/377"
"GO:1901632","regulation of synaptic vesicle membrane organization",4,0.0165912984813262,"4/377"
"GO:0060537","muscle tissue development",16,0.0166677909969942,"16/377"
"GO:0008015","blood circulation",22,0.0178472432379032,"22/377"
"GO:0016053","organic acid biosynthetic process",17,0.0184387696752089,"17/377"
"GO:0098754","detoxification",11,0.0184387696752089,"11/377"
"GO:0006778","porphyrin-containing compound metabolic process",6,0.0190972394111144,"6/377"
"GO:0009746","response to hexose",11,0.0192815221762529,"11/377"
"GO:1903532","positive regulation of secretion by cell",15,0.019391012073489,"15/377"
"GO:0014706","striated muscle tissue development",15,0.0200366416426893,"15/377"
"GO:0009063","amino acid catabolic process",9,0.0200366416426893,"9/377"
"GO:0031099","regeneration",10,0.0217365630616593,"10/377"
"GO:0042391","regulation of membrane potential",19,0.0227232563172913,"19/377"
"GO:0006066","alcohol metabolic process",17,0.0227232563172913,"17/377"
"GO:0042246","tissue regeneration",6,0.0227232563172913,"6/377"
"GO:0030277","maintenance of gastrointestinal epithelium",4,0.0228803944988434,"4/377"
"GO:0099505","regulation of presynaptic membrane potential",4,0.0228803944988434,"4/377"
"GO:0045917","positive regulation of complement activation",3,0.0228803944988434,"3/377"
"GO:1990266","neutrophil migration",8,0.0231442995837742,"8/377"
"GO:0008037","cell recognition",9,0.0233347060534723,"9/377"
"GO:0051180","vitamin transport",6,0.024481113728283,"6/377"
"GO:0046889","positive regulation of lipid biosynthetic process",8,0.0245321832383818,"8/377"
"GO:0009636","response to toxic substance",14,0.0255268810146,"14/377"
"GO:0009074","aromatic amino acid family catabolic process",4,0.0266428035631612,"4/377"
"GO:0016042","lipid catabolic process",17,0.0266614112394867,"17/377"
"GO:0170035","L-amino acid catabolic process",8,0.0277324020518628,"8/377"
"GO:0016054","organic acid catabolic process",14,0.0280973788742558,"14/377"
"GO:0046395","carboxylic acid catabolic process",14,0.0280973788742558,"14/377"
"GO:0009072","aromatic amino acid metabolic process",5,0.0280973788742558,"5/377"
"GO:0055078","sodium ion homeostasis",5,0.0280973788742558,"5/377"
"GO:0000098","sulfur amino acid catabolic process",3,0.0287831987349786,"3/377"
"GO:0015671","oxygen transport",3,0.0287831987349786,"3/377"
"GO:0048665","neuron fate specification",3,0.0287831987349786,"3/377"
"GO:0160257","complement activation, GZMK pathway",3,0.0287831987349786,"3/377"
"GO:0030593","neutrophil chemotaxis",7,0.028861574947668,"7/377"
"GO:0001508","action potential",10,0.0303067733392914,"10/377"
"GO:0032371","regulation of sterol transport",6,0.0303067733392914,"6/377"
"GO:0032374","regulation of cholesterol transport",6,0.0303067733392914,"6/377"
"GO:0051952","regulation of amine transport",6,0.0303067733392914,"6/377"
"GO:1900026","positive regulation of substrate adhesion-dependent cell spreading",5,0.0303924790678579,"5/377"
"GO:0003012","muscle system process",21,0.0322077457057555,"21/377"
"GO:0015849","organic acid transport",16,0.032348636178905,"16/377"
"GO:0046942","carboxylic acid transport",16,0.032348636178905,"16/377"
"GO:1903556","negative regulation of tumor necrosis factor superfamily cytokine production",6,0.0325712982864788,"6/377"
"GO:0017157","regulation of exocytosis",11,0.0332346342807188,"11/377"
"GO:0002385","mucosal immune response",5,0.0332346342807188,"5/377"
"GO:0015833","peptide transport",13,0.0332346342807188,"13/377"
"GO:0010984","regulation of lipoprotein particle clearance",4,0.0332346342807188,"4/377"
"GO:0014904","myotube cell development",4,0.0332346342807188,"4/377"
"GO:0031639","plasminogen activation",4,0.0332346342807188,"4/377"
"GO:0045907","positive regulation of vasoconstriction",4,0.0332346342807188,"4/377"
"GO:0006909","phagocytosis",13,0.034318841936383,"13/377"
"GO:0015670","carbon dioxide transport",3,0.034318841936383,"3/377"
"GO:0019627","urea metabolic process",3,0.034318841936383,"3/377"
"GO:0034392","negative regulation of smooth muscle cell apoptotic process",3,0.034318841936383,"3/377"
"GO:0071941","nitrogen cycle metabolic process",3,0.034318841936383,"3/377"
"GO:0098743","cell aggregation",3,0.034318841936383,"3/377"
"GO:0017156","calcium-ion regulated exocytosis",6,0.0364340249513566,"6/377"
"GO:0033013","tetrapyrrole metabolic process",6,0.0364340249513566,"6/377"
"GO:0034113","heterotypic cell-cell adhesion",6,0.0364340249513566,"6/377"
"GO:0045104","intermediate filament cytoskeleton organization",6,0.0364340249513566,"6/377"
"GO:1902042","negative regulation of extrinsic apoptotic signaling pathway via death domain receptors",4,0.0371795593213385,"4/377"
"GO:0008203","cholesterol metabolic process",9,0.0375195637222954,"9/377"
"GO:0019226","transmission of nerve impulse",5,0.0388452094569588,"5/377"
"GO:0045103","intermediate filament-based process",6,0.0391335061566789,"6/377"
"GO:0050714","positive regulation of protein secretion",9,0.0392025977566847,"9/377"
"GO:0030301","cholesterol transport",8,0.0396151179943809,"8/377"
"GO:0034374","low-density lipoprotein particle remodeling",3,0.0415148293504055,"3/377"
"GO:0042693","muscle cell fate commitment",3,0.0415148293504055,"3/377"
"GO:0045916","negative regulation of complement activation",3,0.0415148293504055,"3/377"
"GO:0051969","regulation of transmission of nerve impulse",3,0.0415148293504055,"3/377"
"GO:0002227","innate immune response in mucosa",4,0.0415148293504055,"4/377"
"GO:0002251","organ or tissue specific immune response",5,0.0416444084402222,"5/377"
"GO:0003044","regulation of systemic arterial blood pressure mediated by a chemical signal",5,0.0416444084402222,"5/377"
"GO:0045807","positive regulation of endocytosis",10,0.0434231287909617,"10/377"
"GO:0140962","multicellular organismal-level chemical homeostasis",6,0.0444406761344964,"6/377"
"GO:0007157","heterophilic cell-cell adhesion",5,0.0451335095035386,"5/377"
"GO:0045214","sarcomere organization",5,0.0451335095035386,"5/377"
"GO:0046324","regulation of D-glucose import across plasma membrane",5,0.0451335095035386,"5/377"
"GO:0010811","positive regulation of cell-substrate adhesion",8,0.0451335095035386,"8/377"
"GO:0015914","phospholipid transport",8,0.0451335095035386,"8/377"
"GO:0002274","myeloid leukocyte activation",12,0.0451335095035386,"12/377"
"GO:0031629","synaptic vesicle fusion to presynaptic active zone membrane",4,0.0457846269640417,"4/377"
"GO:0099500","vesicle fusion to plasma membrane",4,0.0457846269640417,"4/377"
"GO:0006006","glucose metabolic process",10,0.0460929716449648,"10/377"
"GO:0042692","muscle cell differentiation",17,0.0465108716166107,"17/377"
"GO:0015918","sterol transport",8,0.0468459306667797,"8/377"
"GO:0030100","regulation of endocytosis",15,0.0468459306667797,"15/377"
"GO:0007600","sensory perception",18,0.0469146305023737,"18/377"
"GO:0030003","intracellular monoatomic cation homeostasis",18,0.0469146305023737,"18/377"
"GO:0010043","response to zinc ion",5,0.0469146305023737,"5/377"
"GO:1905953","negative regulation of lipid localization",5,0.0469146305023737,"5/377"
"GO:1904659","D-glucose transmembrane transport",7,0.0469146305023737,"7/377"
"GO:0002544","chronic inflammatory response",3,0.0469146305023737,"3/377"
"GO:0031632","positive regulation of synaptic vesicle fusion to presynaptic active zone membrane",3,0.0469146305023737,"3/377"
"GO:0048172","regulation of short-term neuronal synaptic plasticity",3,0.0469146305023737,"3/377"
"GO:0051481","negative regulation of cytosolic calcium ion concentration",3,0.0469146305023737,"3/377"
"GO:0070207","protein homotrimerization",3,0.0469146305023737,"3/377"
"GO:0099502","calcium-dependent activation of synaptic vesicle fusion",3,0.0469146305023737,"3/377"
"GO:1901634","positive regulation of synaptic vesicle membrane organization",3,0.0469146305023737,"3/377"
"GO:0006520","amino acid metabolic process",14,0.048122513653377,"14/377"
"GO:0046326","positive regulation of D-glucose import across plasma membrane",4,0.0491142985154101,"4/377"
"GO:0051954","positive regulation of amine transport",4,0.0491142985154101,"4/377"
"GO:0098869","cellular oxidant detoxification",7,0.0491457524592916,"7/377"
"GO:0006898","receptor-mediated endocytosis",14,0.0491457524592916,"14/377"
