"Geneid","gene_name","mean_logCPM","median_logCPM","sd_logCPM","variance_logCPM"
"ENSG00000168878","SFTPB",1.93499595028344,-0.485977550517749,5.27021890347584,27.7752072905541
"ENSG00000171564","FGB",2.10083318224029,1.87859917103691,5.11735981369723,26.1873714628433
"ENSG00000132693","CRP",1.44647494244384,0.191953668428633,5.02739192482848,25.2746695658306
"ENSG00000171560","FGA",2.21087032002971,1.66412790043578,4.82627512979699,23.292931628497
"ENSG00000135346","CGA",0.440578824509065,-1.9602569052715,4.77284070180611,22.780008364817
"ENSG00000171557","FGG",2.94511716955737,2.31444779050738,4.76350908311806,22.6910187849482
"ENSG00000160182","TFF1",2.25387924196146,2.44248452894635,4.69730325668322,22.0646578852468
"ENSG00000229314","ORM1",1.51885364468509,-0.309967942428407,4.63423011710016,21.4760887782382
"ENSG00000120251","GRIA2",0.886607560419543,-0.795422685758462,4.52358703771946,20.4628396878235
"ENSG00000175426","PCSK1",2.44502359968417,1.33030598889103,4.51001521724211,20.3402372597554
"ENSG00000162989","KCNJ3",1.52378798444608,-0.289770375104998,4.50597413369238,20.3038028935048
"ENSG00000100604","CHGA",0.562772758030633,-1.35401357174104,4.43545990336649,19.6733045543719
"ENSG00000110245","APOC3",-0.0147610496669567,-1.64045627770262,4.36199673570496,19.0270155223007
"ENSG00000196091","MYBPC1",-0.138198148230523,-1.48686101766676,4.32316644401644,18.6897681026698
"ENSG00000185686","PRAME",0.387437850635418,-1.68667958239406,4.29874030878559,18.479168242378
"ENSG00000145321","GC",-0.255305623854061,-2.42175697703791,4.29251526971704,18.4256873407539
"ENSG00000158874","APOA2",-0.302998716620704,-1.59948694366373,4.27351877739008,18.2629627407056
"ENSG00000104760","FGL1",0.337414898108289,-1.13615466458701,4.2616922216873,18.16202059239
"ENSG00000163631","ALB",2.74409550593365,1.47528885583875,4.2364762278595,17.9477308292187
"ENSG00000122852","SFTPA1",-0.401043027778246,-2.54594514433622,4.18796085949588,17.5390161606695
