"Geneid","gene_name","variance_logCPM"
"ENSG00000168878","SFTPB",28.0727078018185
"ENSG00000171564","FGB",26.1852077231896
"ENSG00000132693","CRP",24.6085426682019
"ENSG00000160182","TFF1",23.3894857951506
"ENSG00000171557","FGG",22.6228592799301
"ENSG00000171560","FGA",22.5176712423579
"ENSG00000135346","CGA",20.9638922215703
"ENSG00000229314","ORM1",20.5101013764713
"ENSG00000162989","KCNJ3",19.819910337122
"ENSG00000120251","GRIA2",19.0444832910256
"ENSG00000175426","PCSK1",18.8504025930145
"ENSG00000185686","PRAME",18.6932769923385
"ENSG00000145321","GC",18.2808425268306
"ENSG00000100604","CHGA",18.1851615379932
"ENSG00000110245","APOC3",17.8802418784093
"ENSG00000158874","APOA2",17.8289086914765
"ENSG00000148513","ANKRD30A",17.5988785816999
"ENSG00000122852","SFTPA1",17.5248202378831
"ENSG00000104760","FGL1",17.5026711456671
"ENSG00000235687","LINC00993",17.2513467074325
"ENSG00000118137","APOA1",17.0016581700119
"ENSG00000163631","ALB",16.980774084106
"ENSG00000132703","APCS",16.800473133269
"ENSG00000149021","SCGB1A1",16.6709206443108
"ENSG00000255446","ENSG00000255446",16.1808994141486
"ENSG00000168484","SFTPC",15.9919863351318
"ENSG00000046774","MAGEC2",15.6486875199423
"ENSG00000139352","ASCL1",15.6184224409186
"ENSG00000136872","ALDOB",15.5961614997529
"ENSG00000290801","ENSG00000290801",15.4813725675468
"ENSG00000162621","LRRC53",15.4149648956047
"ENSG00000145451","GLRA3",15.3432885639236
"ENSG00000180818","HOXC10",15.1002601242242
"ENSG00000287900","ENSG00000287900",15.0687312253848
"ENSG00000188257","PLA2G2A",14.8219112360729
"ENSG00000124253","PCK1",14.657382424545
"ENSG00000169903","TM4SF4",14.5517068249736
"ENSG00000134339","SAA2",14.4184215481285
"ENSG00000173432","SAA1",14.4085949373984
"ENSG00000110484","SCGB2A2",14.2973124465824
"ENSG00000153002","CPB1",14.2772970243358
"ENSG00000234918","ENSG00000234918",14.2304086609816
"ENSG00000257017","HP",14.1407316522994
"ENSG00000086548","CEACAM6",13.9966345955496
"ENSG00000255071","SAA2-SAA4",13.9280008374244
"ENSG00000157765","SLC34A2",13.8966510904831
"ENSG00000100095","SEZ6L",13.8832133693979
"ENSG00000170323","FABP4",13.7915728696285
"ENSG00000228278","ORM2",13.691556119804
"ENSG00000145423","SFRP2",13.5784558925744
"ENSG00000196091","MYBPC1",13.5563646442035
"ENSG00000155495","MAGEC1",13.5415112508697
"ENSG00000285094","LINC01488",13.5063855840854
"ENSG00000170419","VSTM2A",13.4920935209591
"ENSG00000091583","APOH",13.3907542481943
"ENSG00000134240","HMGCS2",13.3561950435651
"ENSG00000084674","APOB",13.2739823752768
"ENSG00000163586","FABP1",13.2685656306367
"ENSG00000273171","ENSG00000273171",13.2553881874194
"ENSG00000186732","MPPED1",13.2550861035974
"ENSG00000213088","ACKR1",13.1438240723315
"ENSG00000136352","NKX2-1",13.1307056983531
"ENSG00000170099","SERPINA6",13.1122560125393
"ENSG00000133742","CA1",12.8664038470585
"ENSG00000187288","CIDEC",12.8390870692867
"ENSG00000132026","RTBDN",12.7690809419738
"ENSG00000170893","TRH",12.7440674995954
"ENSG00000253215","ENSG00000253215",12.7346394974099
"ENSG00000185303","SFTPA2",12.6944502605501
"ENSG00000237423","LINC01522",12.6062932373794
"ENSG00000139219","COL2A1",12.5917288450457
"ENSG00000201695","RNA5SP334",12.5866281571635
"ENSG00000126890","CTAG2",12.5782690012743
"ENSG00000124935","SCGB1D2",12.5775344533424
"ENSG00000138207","RBP4",12.556842381679
"ENSG00000164756","SLC30A8",12.544497122431
"ENSG00000181092","ADIPOQ",12.5388320566025
"ENSG00000166006","KCNC2",12.4609686318878
"ENSG00000172482","AGXT",12.4176178612809
"ENSG00000196565","HBG2",12.3558238808684
"ENSG00000146678","IGFBP1",12.2955226339617
"ENSG00000166959","MS4A8",12.2912183604537
"ENSG00000290767","ENSG00000290767",12.2717771603519
"ENSG00000284931","ENSG00000284931",12.2347834116497
"ENSG00000172551","MUCL1",12.2280952411239
"ENSG00000123838","C4BPA",12.2181640578986
"ENSG00000110244","APOA4",12.2057500237024
"ENSG00000233041","PHGR1",12.2008684100786
"ENSG00000287826","ENSG00000287826",12.1060919945722
"ENSG00000145920","CPLX2",12.1034620189348
"ENSG00000108342","CSF3",12.0681186269437
"ENSG00000106927","AMBP",12.054336356167
"ENSG00000109072","VTN",12.0102312505915
"ENSG00000145824","CXCL14",11.9341149023945
"ENSG00000180178","FAR2P1",11.8868594061035
"ENSG00000211895","IGHA1",11.8805558901437
"ENSG00000105388","CEACAM5",11.8634055835463
"ENSG00000267424","ENSG00000267424",11.8520035683874
"ENSG00000285513","ENSG00000285513",11.7869965436017
"ENSG00000019505","SYT13",11.7541741987866
"ENSG00000231240","KLF2P1",11.701611062271
"ENSG00000126010","GRPR",11.6929406768538
"ENSG00000286308","ENSG00000286308",11.6384120020119
"ENSG00000159409","CELF3",11.6196952786572
"ENSG00000164128","NPY1R",11.6137993902164
"ENSG00000178372","CALML5",11.5777094601214
"ENSG00000235910","APOA1-AS",11.5039112240994
"ENSG00000161055","SCGB3A1",11.476936108039
"ENSG00000060566","CREB3L3",11.4354498752594
"ENSG00000172061","LRRC15",11.4319404618343
"ENSG00000129988","LBP",11.4293910080476
"ENSG00000156234","CXCL13",11.4042750733128
"ENSG00000108309","RUNDC3A",11.3419771842113
"ENSG00000286208","ENSG00000286208",11.3273096900694
"ENSG00000165863","SPMIP5",11.3146486351393
"ENSG00000235123","DSCAM-AS1",11.2848118581278
"ENSG00000228630","HOTAIR",11.2697914965473
"ENSG00000142973","CYP4B1",11.2662101916895
"ENSG00000286058","ENSG00000286058",11.2653985295985
"ENSG00000101938","CHRDL1",11.2257080090136
"ENSG00000204434","POTEKP",11.2044952783291
"ENSG00000113600","C9",11.1928931054006
"ENSG00000163873","GRIK3",11.130881526586
"ENSG00000105141","CASP14",11.1131906617158
"ENSG00000180210","F2",11.1096667460204
"ENSG00000149968","MMP3",11.1084800912313
"ENSG00000160716","CHRNB2",11.0954019534666
"ENSG00000125820","NKX2-2",11.0642768617316
"ENSG00000134917","ADAMTS8",11.0462509287572
"ENSG00000186160","CYP4Z1",10.9915815565836
"ENSG00000008196","TFAP2B",10.9630695981148
"ENSG00000118520","ARG1",10.9609958664823
"ENSG00000175084","DES",10.9423694289239
"ENSG00000134827","TCN1",10.8684310952006
"ENSG00000121075","TBX4",10.8540540506114
"ENSG00000137975","CLCA2",10.7900561713417
"ENSG00000178772","CPN2",10.7846460553726
"ENSG00000290591","ENSG00000290591",10.7731923826723
"ENSG00000157131","C8A",10.7644547890957
"ENSG00000105048","TNNT1",10.7619732942359
"ENSG00000118972","FGF23",10.747436565462
"ENSG00000260903","XKR7",10.7224448047962
"ENSG00000080618","CPB2",10.6836577420624
"ENSG00000283599","ENSG00000283599",10.6601443553715
"ENSG00000113889","KNG1",10.6488988110263
"ENSG00000255571","MIR9-3HG",10.6333717407596
"ENSG00000142484","TM4SF5",10.6168326803642
"ENSG00000021852","C8B",10.6056424329
"ENSG00000259655","ENSG00000259655",10.5909850980458
"ENSG00000278041","ENSG00000278041",10.588698488052
"ENSG00000238178","MAGEB17-AS1",10.5805124466285
"ENSG00000184811","TRARG1",10.5342338544728
"ENSG00000161634","DCD",10.5106854956299
"ENSG00000066405","CLDN18",10.4995403157363
"ENSG00000184672","RALYL",10.498344393793
"ENSG00000177551","NHLH2",10.4930594021845
"ENSG00000122194","PLG",10.4889411290798
"ENSG00000291278","ENSG00000291278",10.4886484191883
"ENSG00000261701","HPR",10.4659797475678
"ENSG00000111046","MYF6",10.4461862472601
"ENSG00000145192","AHSG",10.4288265192845
"ENSG00000200336","RNA5SP333",10.4130307974246
"ENSG00000095627","TDRD1",10.3994036429503
"ENSG00000251151","HOXC-AS3",10.3845141759999
"ENSG00000176406","RIMS2",10.3603391728961
"ENSG00000186081","KRT5",10.3502348246759
"ENSG00000171759","PAH",10.3449297018469
"ENSG00000178445","GLDC",10.3293922414392
"ENSG00000133169","BEX1",10.325191401891
"ENSG00000091831","ESR1",10.2819234344485
"ENSG00000022556","NLRP2",10.2753507307401
"ENSG00000104879","CKM",10.2570019429972
"ENSG00000250612","ENSG00000250612",10.2307866125161
"ENSG00000136546","SCN7A",10.2062033884101
"ENSG00000162706","CADM3",10.2042975409542
"ENSG00000197253","TPSB2",10.2011073456003
"ENSG00000168702","LRP1B",10.2008484623435
"ENSG00000229415","SFTA3",10.1919573316387
"ENSG00000257434","ENSG00000257434",10.1683902321853
"ENSG00000257520","SFTA3",10.1344438902151
"ENSG00000257514","ENSG00000257514",10.1250728741115
"ENSG00000135638","EMX1",10.1182363205308
"ENSG00000272068","BCAN-AS1",10.1155699646559
"ENSG00000007908","SELE",10.1138086302819
"ENSG00000155511","GRIA1",10.0793468361039
"ENSG00000163221","S100A12",10.0679067202598
"ENSG00000234638","ENSG00000234638",10.0552309912598
"ENSG00000173467","AGR3",10.0538357136856
"ENSG00000186910","SERPINA11",10.0356080708976
"ENSG00000198650","TAT",10.0203557571571
"ENSG00000012223","LTF",10.0139660049296
"ENSG00000136881","BAAT",9.99079867189032
"ENSG00000290700","ENSG00000290700",9.99004842325508
"ENSG00000127129","EDN2",9.98420993343453
"ENSG00000197249","SERPINA1",9.98326235149113
"ENSG00000178171","AMER3",9.98117978589473
"ENSG00000158639","PAGE5",9.97671096128363
"ENSG00000102837","OLFM4",9.97324826919363
"ENSG00000156689","GLYATL2",9.91399731883245
"ENSG00000130477","UNC13A",9.90877471650238
"ENSG00000055957","ITIH1",9.86098581858983
"ENSG00000267881","ENSG00000267881",9.85612788601973
"ENSG00000140798","ABCC12",9.84701899152803
"ENSG00000176887","SOX11",9.84360225355887
"ENSG00000188175","HEPACAM2",9.83909300726951
"ENSG00000105697","HAMP",9.83887644925951
"ENSG00000224559","LINC01087",9.83659402653799
"ENSG00000140093","SERPINA10",9.82494882356041
"ENSG00000089225","TBX5",9.8069011579231
"ENSG00000084628","NKAIN1",9.80362089015667
"ENSG00000184956","MUC6",9.78416412971879
"ENSG00000240253","FAR2P3",9.76792356622409
"ENSG00000196132","MYT1",9.75292163635871
"ENSG00000223349","KLF2P3",9.74042829299048
"ENSG00000181143","MUC16",9.71347994268491
"ENSG00000004939","SLC4A1",9.71015744527896
"ENSG00000144290","SLC4A10",9.70720518644499
"ENSG00000226482","ADIPOQ-AS1",9.7028840423383
"ENSG00000117601","SERPINC1",9.69439226675865
"ENSG00000101981","F9",9.68263810950778
"ENSG00000080910","CFHR2",9.67653320630478
"ENSG00000113430","IRX4",9.6592046689001
"ENSG00000019169","MARCO",9.65400924223639
"ENSG00000291164","C3P1",9.65304886628461
"ENSG00000237988","OR2I1P",9.64039234644232
"ENSG00000286026","ENSG00000286026",9.64034504643855
"ENSG00000130294","KIF1A",9.62662759529007
"ENSG00000162896","PIGR",9.62520363009017
"ENSG00000164265","SCGB3A2",9.62130441958907
"ENSG00000168243","GNG4",9.61210465113498
"ENSG00000167798","C3P1",9.60116881658544
"ENSG00000213886","UBD",9.59382347965007
"ENSG00000225670","CADM3-AS1",9.58140685402759
"ENSG00000148965","SAA4",9.56277370631821
"ENSG00000256612","CYP2B7P",9.52919277802453
"ENSG00000185352","HS6ST3",9.4709529159781
"ENSG00000148702","HABP2",9.45615943406364
"ENSG00000135480","KRT7",9.44702041211183
"ENSG00000160180","TFF3",9.44147533283273
"ENSG00000123407","HOXC12",9.43885286785882
"ENSG00000196188","CTSE",9.43444346734807
"ENSG00000223534","HLA-DQB1-AS1",9.38115511337383
"ENSG00000178965","ERICH3",9.37773894877193
"ENSG00000123388","HOXC11",9.37510860850911
"ENSG00000291083","CYP2B7P",9.35960744297114
"ENSG00000115602","IL1RL1",9.31906800141295
"ENSG00000236117","LINC01639",9.31779034053214
"ENSG00000130649","CYP2E1",9.31520145621415
"ENSG00000125999","BPIFB1",9.26340283543629
"ENSG00000130720","FIBCD1",9.25952159423017
"ENSG00000124875","CXCL6",9.24265040696042
"ENSG00000115009","CCL20",9.23631131950318
"ENSG00000277200","CCDC92B",9.2311264783019
"ENSG00000096088","PGC",9.21955696580416
"ENSG00000168079","SCARA5",9.21246029734304
"ENSG00000289168","ENSG00000289168",9.20550756983018
"ENSG00000215612","HMX1",9.19348444729928
"ENSG00000188263","IL17REL",9.18482782813861
"ENSG00000164326","CARTPT",9.17816089327697
"ENSG00000244468","TM4SF18-AS1",9.16767838805504
"ENSG00000184012","TMPRSS2",9.16661591712944
"ENSG00000127324","TSPAN8",9.16581660925818
"ENSG00000118271","TTR",9.16468329333692
"ENSG00000012504","NR1H4",9.14119334712307
"ENSG00000162975","KCNF1",9.11645305309622
"ENSG00000115221","ITGB6",9.10870750379885
"ENSG00000171885","AQP4",9.10433867453572
"ENSG00000170786","SDR16C5",9.09601978454077
"ENSG00000141668","CBLN2",9.09241703042735
"ENSG00000257671","KRT7-AS",9.05874958856673
"ENSG00000198797","BRINP2",9.0571969048316
"ENSG00000268388","FENDRR",9.02801751546138
"ENSG00000118432","CNR1",9.02201051910142
"ENSG00000237330","RNF223",9.01266469347843
"ENSG00000248313","CYP4F27P",8.99836470728681
"ENSG00000159212","CLIC6",8.98407243756518
"ENSG00000230937","MIR205HG",8.96457909646155
"ENSG00000166292","TMEM100",8.95950359722188
"ENSG00000174697","LEP",8.95339302577091
"ENSG00000100665","SERPINA4",8.9501863558759
"ENSG00000258197","NKX2-2-AS1",8.94912021235665
"ENSG00000161896","IP6K3",8.94817889257717
"ENSG00000184937","WT1",8.94694807711017
"ENSG00000123843","C4BPB",8.94441583443604
"ENSG00000130675","MNX1",8.94111901896924
"ENSG00000285155","ENSG00000285155",8.91502278975895
"ENSG00000081479","LRP2",8.90919258926209
"ENSG00000261678","SCRT1",8.90622806294655
"ENSG00000175336","APOF",8.90258586695912
"ENSG00000148346","LCN2",8.89335941702085
"ENSG00000196260","SFTA2",8.85661732376747
"ENSG00000223609","HBD",8.84184429894587
"ENSG00000152932","RAB3C",8.83693727201085
"ENSG00000074211","PPP2R2C",8.82824323149755
"ENSG00000261538","ENSG00000261538",8.82338081800918
"ENSG00000177108","ZDHHC22",8.81082905741872
"ENSG00000211891","IGHE",8.80871714757149
"ENSG00000128422","KRT17",8.80844041964101
"ENSG00000204710","SPDYC",8.784860689882
"ENSG00000282944","CYP4F30P",8.78135323695675
"ENSG00000110243","APOA5",8.78071346633582
"ENSG00000164825","DEFB1",8.77035918491167
"ENSG00000087510","TFAP2C",8.74832251828444
"ENSG00000131482","G6PC1",8.73873812226154
"ENSG00000290699","ENSG00000290699",8.73369257755572
"ENSG00000086696","HSD17B2",8.72236148555693
"ENSG00000148584","A1CF",8.7068901529619
"ENSG00000211890","IGHA2",8.68506917893905
"ENSG00000124302","CHST8",8.68487263545834
"ENSG00000204936","CD177",8.67909677404363
"ENSG00000119547","ONECUT2",8.6744099179139
"ENSG00000255026","ENSG00000255026",8.67380941708936
"ENSG00000255399","TBX5-AS1",8.65344529985507
"ENSG00000167434","CA4",8.63080897234726
"ENSG00000139304","PTPRQ",8.628585541266
"ENSG00000159184","HOXB13",8.62532176830935
"ENSG00000129951","PLPPR3",8.62045394633327
"ENSG00000114771","AADAC",8.60474970763299
"ENSG00000224916","APOC4-APOC2",8.58863119089325
"ENSG00000168509","HJV",8.58226770861677
"ENSG00000117983","MUC5B",8.57255494629623
"ENSG00000287443","ENSG00000287443",8.57211048109589
"ENSG00000234906","APOC2",8.56238965991709
"ENSG00000158022","TRIM63",8.55656344703464
"ENSG00000244414","CFHR1",8.532885255029
"ENSG00000105398","SULT2A1",8.51771045790077
"ENSG00000122584","NXPH1",8.50065995011535
"ENSG00000105550","FGF21",8.49573994156192
"ENSG00000165973","NELL1",8.49411696949309
"ENSG00000137699","TRIM29",8.48558594043275
"ENSG00000184564","SLITRK6",8.46424216360091
"ENSG00000124939","SCGB2A1",8.44399574644342
"ENSG00000210140","MT-TC",8.44027145824131
"ENSG00000163581","SLC2A2",8.43938494260348
"ENSG00000151224","MAT1A",8.4389776255339
"ENSG00000215808","LINC01139",8.42500228479308
"ENSG00000171303","KCNK3",8.4187992482183
"ENSG00000210135","MT-TN",8.40735395175438
"ENSG00000106541","AGR2",8.40178506508044
"ENSG00000167619","TMEM145",8.35707089878116
"ENSG00000081277","PKP1",8.35604611697462
"ENSG00000062038","CDH3",8.34156218112862
"ENSG00000101746","NOL4",8.3380078423757
"ENSG00000290660","ENSG00000290660",8.33105594162067
"ENSG00000141161","UNC45B",8.32893225804374
"ENSG00000130595","TNNT3",8.31751849363219
"ENSG00000113924","HGD",8.31586001039722
"ENSG00000197444","OGDHL",8.31234611641575
"ENSG00000183242","WT1-AS",8.308147500942
"ENSG00000244474","UGT1A4",8.28711593569055
"ENSG00000150625","GPM6A",8.28551567842251
"ENSG00000137077","CCL21",8.28247764838041
"ENSG00000161944","ASGR2",8.26084799809979
"ENSG00000043355","ZIC2",8.24099204708135
"ENSG00000140107","SLC25A47",8.23002479697697
"ENSG00000125144","MT1G",8.22432160842912
"ENSG00000288705","UGT1A5",8.2100922032199
"ENSG00000241635","UGT1A1",8.20519860701817
"ENSG00000143546","S100A8",8.19390079598931
"ENSG00000172236","TPSAB1",8.18208470510033
"ENSG00000160183","TMPRSS3",8.16570920045576
"ENSG00000244122","UGT1A7",8.15437933940503
"ENSG00000241119","UGT1A9",8.15196740935121
"ENSG00000288702","UGT1A3",8.15112948514505
"ENSG00000204740","MALRD1",8.1433153013076
"ENSG00000182379","NXPH4",8.14191386305378
"ENSG00000197893","NRAP",8.1287361077999
"ENSG00000182566","CLEC4G",8.11133699073139
"ENSG00000166961","MS4A15",8.10773868332865
"ENSG00000249203","ENSG00000249203",8.10765882952905
"ENSG00000166947","EPB42",8.10744606081872
"ENSG00000147724","FAM135B",8.1043866596552
"ENSG00000099399","MAGEB2",8.09930894772825
"ENSG00000187908","DMBT1",8.09805523513363
"ENSG00000163554","SPTA1",8.08402427793498
"ENSG00000167165","UGT1A6",8.08105445287335
"ENSG00000242515","UGT1A10",8.07629468103185
"ENSG00000129596","CDO1",8.07226132718086
"ENSG00000253802","SIRLNT",8.05427950435187
"ENSG00000163751","CPA3",8.05032178908398
"ENSG00000242366","UGT1A8",8.04073551213044
"ENSG00000118004","COLEC11",8.03556078158288
"ENSG00000226278","PSPHP1",8.03257445001834
"ENSG00000186487","MYT1L",8.02222313517179
"ENSG00000235142","LINC02532",8.01569992478038
"ENSG00000172995","ARPP21",8.01499024728214
"ENSG00000210144","MT-TY",8.0111414251431
"ENSG00000169562","GJB1",8.0021448189044
"ENSG00000166159","LRTM2",7.99062172504592
"ENSG00000134258","VTCN1",7.97572878477138
"ENSG00000161649","CD300LG",7.9645521972275
"ENSG00000100362","PVALB",7.96214836287824
"ENSG00000103723","AP3B2",7.9455588574126
"ENSG00000237265","ENSG00000237265",7.9303741417742
"ENSG00000237515","SHISA9",7.92786515956003
"ENSG00000260220","CCDC187",7.92689561385434
"ENSG00000138653","NDST4",7.91826835359042
"ENSG00000138109","CYP2C9",7.91589684068872
"ENSG00000290010","ENSG00000290010",7.91385831123173
"ENSG00000196549","MME",7.91317178191447
"ENSG00000172260","NEGR1",7.90668468926783
"ENSG00000118526","TCF21",7.90148096225205
"ENSG00000210127","MT-TA",7.90063469406914
"ENSG00000017427","IGF1",7.89059570570768
"ENSG00000265766","CXADRP3",7.8786487698331
"ENSG00000204175","GPRIN2",7.86765212698016
"ENSG00000261347","ENSG00000261347",7.8663983677188
"ENSG00000106511","MEOX2",7.86547832855568
"ENSG00000189058","APOD",7.84760594400389
"ENSG00000101210","EEF1A2",7.80716556945256
"ENSG00000167767","KRT80",7.80474284425214
"ENSG00000253477","ENSG00000253477",7.78522120476918
"ENSG00000144406","UNC80",7.78465754843662
"ENSG00000147647","DPYS",7.78383317299157
"ENSG00000136155","SCEL",7.77570483113885
"ENSG00000261143","ADAMTS7P3",7.7708804280865
"ENSG00000206172","HBA1",7.77074920465452
"ENSG00000179914","ITLN1",7.76335030823031
"ENSG00000064886","CHI3L2",7.75415356468397
"ENSG00000081138","CDH7",7.74740576300898
"ENSG00000100557","CCDC198",7.74468697640515
"ENSG00000187048","CYP4A11",7.73840695043455
"ENSG00000218052","ADAMTS7P4",7.73116855346866
"ENSG00000112299","VNN1",7.72902587432831
"ENSG00000166828","SCNN1G",7.72641074569889
"ENSG00000082482","KCNK2",7.72477166252343
"ENSG00000154198","CYP4Z2P",7.71537659479785
"ENSG00000196090","PTPRT",7.71450192346052
"ENSG00000198183","BPIFA1",7.70038149407056
"ENSG00000223808","ENSG00000223808",7.69874777704114
"ENSG00000248431","ENSG00000248431",7.67829077818436
"ENSG00000134762","DSC3",7.67101835733118
"ENSG00000287262","ENSG00000287262",7.64956996875886
"ENSG00000162366","PDZK1IP1",7.64918570595561
"ENSG00000196208","GREB1",7.64789498702001
"ENSG00000009709","PAX7",7.64668327672555
"ENSG00000141433","ADCYAP1",7.64030635542905
"ENSG00000100867","DHRS2",7.63317766844429
"ENSG00000169877","AHSP",7.63062243087773
"ENSG00000133083","DCLK1",7.61675667273614
"ENSG00000170965","PLAC1",7.59929656366494
"ENSG00000175920","DOK7",7.59889101750188
"ENSG00000290456","CYP4Z2P",7.59773124281789
"ENSG00000089558","KCNH4",7.58731089608542
"ENSG00000233875","ENSG00000233875",7.58691091327719
"ENSG00000180777","ANKRD30B",7.5765870539699
"ENSG00000186847","KRT14",7.56758193748085
"ENSG00000108242","CYP2C18",7.55130368983478
"ENSG00000101076","HNF4A",7.55029874998759
"ENSG00000156096","UGT2B4",7.53972473748897
"ENSG00000270930","GRAMD4P8",7.53032339443793
"ENSG00000165828","PRAP1",7.52328282161491
"ENSG00000135917","SLC19A3",7.5216409548591
"ENSG00000163395","IGFN1",7.51921262424593
"ENSG00000101323","HAO1",7.51807287460526
"ENSG00000165731","RET",7.51362286301973
"ENSG00000278518","ENSG00000278518",7.50302264097726
"ENSG00000196427","NBPF4",7.49088724015033
"ENSG00000018625","ATP1A2",7.47215993561047
"ENSG00000124143","ARHGAP40",7.47177198201634
"ENSG00000148735","PLEKHS1",7.46878654889698
"ENSG00000189334","S100A14",7.46232948423759
"ENSG00000289332","ENSG00000289332",7.45619485163418
"ENSG00000128564","VGF",7.45197273480392
"ENSG00000170367","CST5",7.44224049951048
"ENSG00000196350","ZNF729",7.44110209148842
"ENSG00000213759","UGT2B11",7.43998518743074
"ENSG00000174498","IGDCC3",7.43212759228092
"ENSG00000176153","GPX2",7.42242004221195
"ENSG00000136574","GATA4",7.41361677204588
"ENSG00000213225","NOC2LP1",7.40776661996596
"ENSG00000186439","TRDN",7.40652663002479
"ENSG00000241588","RN7SL484P",7.40551334058368
"ENSG00000165125","TRPV6",7.3980504697358
"ENSG00000127241","MASP1",7.39634043431209
"ENSG00000030304","MUSK",7.39362684430593
"ENSG00000141485","SLC13A5",7.38932994317367
"ENSG00000288669","ENSG00000288669",7.38502785577404
"ENSG00000230328","ENSG00000230328",7.37030867051464
"ENSG00000157064","NMNAT2",7.3699120131635
"ENSG00000253154","ENSG00000253154",7.36523936229834
"ENSG00000134389","CFHR5",7.36374582762246
"ENSG00000231431","FAR2P4",7.3454323924472
"ENSG00000158104","HPD",7.33447859781552
"ENSG00000162344","FGF19",7.32756271473072
"ENSG00000253361","ENSG00000253361",7.32525867418344
"ENSG00000171798","KNDC1",7.31594771321756
"ENSG00000110436","SLC1A2",7.31498110073051
"ENSG00000258647","LINC00930",7.31121557245666
"ENSG00000113905","HRG",7.30432687121608
"ENSG00000167080","B4GALNT2",7.29476715734437
"ENSG00000205358","MT1H",7.29252272896461
"ENSG00000087495","PHACTR3",7.28758134673541
"ENSG00000165376","CLDN2",7.28673396852506
"ENSG00000163739","CXCL1",7.28422255016316
"ENSG00000129990","SYT5",7.28040791611676
"ENSG00000119125","GDA",7.26070906563669
"ENSG00000211892","IGHG4",7.25997475207329
"ENSG00000289252","ENSG00000289252",7.24905000186445
"ENSG00000151892","GFRA1",7.24358274452913
