"specimen_id","PC1","PC2","Patient #","Tissue Site"
"4|Liver/Bile Duct|5235L|140513-2",-113.207229999872,51.1504418488655,4,"Liver/Bile Duct"
"4|Lung|5233L|140512-1",-20.8097158644222,0.678200601278026,4,"Lung"
"5|Liver/Bile Duct|DBF0L|150305-3",-1.55212579511186,-32.1656113504537,5,"Liver/Bile Duct"
"5|Lung|DB3BL|150293-3",6.77339122085601,-23.5378049221764,5,"Lung"
"6|Liver/Bile Duct|164C1L|150895-2",-23.1042310030683,11.4623335020652,6,"Liver/Bile Duct"
"6|Lung|16483L|150888-2",10.2876861303422,-5.31738452407178,6,"Lung"
"7|Liver/Bile Duct|19D4AL|160203-3",-29.5505765481703,-2.75628690598527,7,"Liver/Bile Duct"
"7|Lung|19D40L|160208-3",-0.362965400247525,-16.7217828289242,7,"Lung"
"2|Breast|1BE09L|160417-2",-3.83347373174053,-19.7751514103915,2,"Breast"
"2|Liver/Bile Duct|1BDB0L|160415-3",1.7285634979627,-36.6404224169051,2,"Liver/Bile Duct"
"3|Breast|31906L|180606-3",48.2989503670067,44.5266084912201,3,"Breast"
"3|Liver/Bile Duct|31917L|180609-3",44.2484221796293,50.1925723006196,3,"Liver/Bile Duct"
"3|Lung|31966L|180608-3",52.4681764409132,51.9216383525569,3,"Lung"
"1|Breast|39F05L|121197-3",19.6154309891218,-25.7896388385102,1,"Breast"
"1|Liver/Bile Duct|39F06L|121196-3",-11.2354858322774,-15.8729122264604,1,"Liver/Bile Duct"
"1|Lung|39F07L|121195-3",20.2351833490782,-31.3547996727268,1,"Lung"
