"PC","standard_deviation","variance_percent"
"PC1",38.9803264905334,29.9775771411686
"PC2",32.1287850473108,20.3654584254834
"PC3",25.2061926339144,12.5348772793839
"PC4",20.8873970009403,8.60744442247437
"PC5",17.552802967587,6.07852966070216
"PC6",16.3850120177319,5.29662362149945
"PC7",13.9664850855273,3.84839665404986
"PC8",13.0338603380324,3.35159636461398
"PC9",11.7595030822168,2.72824598703131
"PC10",10.2872592435004,2.08787720746903
"PC11",8.33755186351405,1.37145853450241
"PC12",7.87197258663552,1.22256717348957
"PC13",7.7046148957216,1.17113633814791
"PC14",6.26102593140242,0.773386504732322
"PC15",5.44452574331895,0.584824685251749
"PC16",1.22223566092402e-14,2.94723988797661e-30
