"Patient","Tissue_Site","specimen_id","n_libraries","Histology","n_genes","mean_logCPM","median_logCPM","sd_logCPM","variance_logCPM","min_logCPM","max_logCPM"
4,"Liver/Bile Duct","4|Liver/Bile Duct|5235L|140513-2",2,"Invasive ductal carcinoma",26892,2.327172878684,2.74469484124865,3.51061909470636,12.3244464281169,-3.55823264102169,16.1651626080223
4,"Lung","4|Lung|5233L|140512-1",2,"Invasive ductal carcinoma",26892,2.4277608008835,2.73661942121575,3.14342355040546,9.88111161724369,-3.55823264102169,14.0506659036281
5,"Liver/Bile Duct","5|Liver/Bile Duct|DBF0L|150305-3",2,"Invasive ductal carcinoma",26892,2.23171055037239,2.47707041541693,3.31342247457962,10.9787684950493,-3.55823264102169,12.9998006786382
5,"Lung","5|Lung|DB3BL|150293-3",2,"Invasive ductal carcinoma",26892,2.54629600601544,2.91321913949141,2.91114115154694,8.47474280423007,-3.55823264102169,12.8299913850922
6,"Liver/Bile Duct","6|Liver/Bile Duct|164C1L|150895-2",2,"Invasive ductal carcinoma",26892,2.56240994163172,2.92844654599972,2.9537816660589,8.72482613074567,-3.55823264102169,13.5793278505822
6,"Lung","6|Lung|16483L|150888-2",2,"Invasive ductal carcinoma",26892,2.60146970979166,2.98156860515483,2.8899642655239,8.35189345600507,-3.55823264102169,14.2569555177114
7,"Liver/Bile Duct","7|Liver/Bile Duct|19D4AL|160203-3",2,"Invasive ductal carcinoma",26892,2.39871292385704,2.64672341409401,3.14976737465224,9.9210345144237,-3.55823264102169,13.9751800899868
7,"Lung","7|Lung|19D40L|160208-3",2,"Invasive ductal carcinoma",26892,2.49883622166914,2.84409384321409,3.00968007543619,9.05817415647756,-3.55823264102169,13.8491315764074
2,"Breast","2|Breast|1BE09L|160417-2",1,"Invasive ductal carcinoma (NO MALIGNANCY DIAGNOSED / NO TUMOR SEEN)",26892,2.27696270342766,2.63034461332458,3.35639561616894,11.2653915322381,-3.55823264102169,13.1417054636389
2,"Liver/Bile Duct","2|Liver/Bile Duct|1BDB0L|160415-3",2,"Invasive ductal carcinoma",26892,2.3425261856123,2.66503307382271,3.18133526593006,10.1208940742503,-3.55823264102169,12.9700747071819
3,"Breast","3|Breast|31906L|180606-3",3,"Invasive ductal carcinoma",26892,2.5263673195378,2.8511729314769,3.05755365117103,9.34863432978927,-3.55823264102169,12.7637648131259
3,"Liver/Bile Duct","3|Liver/Bile Duct|31917L|180609-3",2,"Invasive ductal carcinoma",26892,2.42207846119252,2.73263334404975,3.16195026768149,9.99792949529107,-3.55823264102169,12.6330036637391
3,"Lung","3|Lung|31966L|180608-3",2,"Invasive ductal carcinoma",26892,2.51331556930152,2.83061770431016,3.06184021668493,9.37486551250922,-3.55823264102169,12.3608537337986
1,"Breast","1|Breast|39F05L|121197-3",2,"Invasive ductal carcinoma",26892,2.43299105740257,2.74519603454621,3.12566170992312,9.7697611248795,-3.55823264102169,14.2454791860273
1,"Liver/Bile Duct","1|Liver/Bile Duct|39F06L|121196-3",2,"Invasive ductal carcinoma",26892,2.32224665181866,2.56573682767941,3.28288191176412,10.7773136465881,-3.55823264102169,14.2662579416508
1,"Lung","1|Lung|39F07L|121195-3",2,"Invasive ductal carcinoma",26892,2.42216094233403,2.7009849755451,3.14363284717274,9.8824274778234,-3.55823264102169,14.3218317513442
