"library_id","raw_library_size","tmm_normalization_factor","effective_library_size","genes_retained","median_logCPM","mean_logCPM","sd_logCPM"
"R18LIV_1",22537103,0.487887313763391,10988148.3160731,26892,2.75026607278321,2.31592358592851,3.54425640468183
"R18LIV_2",22336050,0.48787551656465,10889918.1927912,26892,2.76305851380576,2.33842217143948,3.53076093315932
"R18LUN_1",20836934,0.946524122292508,19699574.9422742,26892,2.74071556244113,2.41952761545997,3.18603449288018
"R18LUN_2",19349815,0.977778515401878,18894851.1429325,26892,2.75560843596202,2.43599398630703,3.13570781681649
"R23LIV_1",19902776,1.03799982328017,20638006.5743721,26892,2.43692481956261,2.19040812355211,3.35790006417247
"R23LIV_2",24910725,1.05718293617049,26305668.3925943,26892,2.52332839367562,2.27301297719267,3.28861098795477
"R23LUN_1",23543444,1.17832674871215,27690320.383404,26892,2.91155990440312,2.52514233569576,2.95867785809841
"R23LUN_2",20161655,1.22714905081596,24694047.9730709,26892,2.92923612482702,2.56744967633513,2.89354892260126
"R33LIV_1",21892900,1.19427645948626,26097846.3144007,26892,2.98563938065838,2.62284311741965,2.88515978356623
"R33LIV_2",22817999,1.09115801230244,24866573.4364843,26892,2.88043832270529,2.50197676584379,3.06051892474296
"R33LUN_1",22341635,1.16437521730699,25969493.6191787,26892,2.98918644780039,2.61550374695314,2.88816226654359
"R33LUN_2",22338804,1.07908646077912,24066182.2730271,26892,2.97363512958216,2.58743567263018,2.93596439788119
"R36LIV_1",21728504,1.07184476506879,23257788.0620653,26892,2.69851783241219,2.44164137397429,3.13635190958748
"R36LIV_2",22205508,0.995420588723271,22075935.1293074,26892,2.63230239808498,2.3557844737398,3.21796196455032
"R36LUN_1",22937644,1.0170382079385,23290474.9880631,26892,2.82006845433326,2.49401296568107,3.0387273760858
"R36LUN_2",18854457,1.06695206811938,20084328.1362726,26892,2.84897235243511,2.5036594776572,3.03688112632611
"R39BR_1",23989774,0.908977258386803,21778828.7806111,26892,2.63034461332458,2.27696270342766,3.35639561616894
"R39LIV_1",25967785,1.09119336181865,28291033.1131233,26892,2.81000719000491,2.43773453282612,3.12004505461126
"R39LIV_2",28676589,0.957155691070217,27410400.6153583,26892,2.56610667380582,2.24731783839848,3.33078626513253
"R49BR_1",23224295,1.08859140154916,25248330.6705512,26892,2.87438276443017,2.54179954025641,3.06286362482823
"R49BR_2",26588425,1.07055372560452,28425762.1793116,26892,2.9083776330913,2.55839571957511,3.05400020755124
"R49BR_3",22117604,0.927879061322453,20495682.1206329,26892,2.7999966493578,2.47890669878189,3.15173965864727
"R49LIV_1",25342215,1.11050415821757,28095953.983149,26892,2.75288839805048,2.44035911079124,3.15458292146071
"R49LIV_2",24117635,1.11223895287195,26783443.6139096,26892,2.72656484207089,2.4037978115938,3.18793393953464
"R49LUN_1",20268488,1.11117527718285,22490192.0548819,26892,2.82083480198335,2.50210461671361,3.10353282224428
"R49LUN_2",18882330,1.15485280763017,21769927.0225422,26892,2.84895920730616,2.52452652188942,3.05123401133953
"R8BR_1",25764313,0.96977251841261,24951488.5366471,26892,2.81934576192036,2.46135466274826,3.1584232509158
"R8BR_2",29614222,1.05000563503455,31044063.4032677,26892,2.69218650412425,2.40462745205688,3.16233102306446
"R8LIV_1",24957815,0.837123688665122,20875170.0941543,26892,2.62496027259252,2.32949533758521,3.31652590345288
"R8LIV_2",25599515,0.996300010295654,25479833.7650058,26892,2.55910162068812,2.31499796605211,3.29736989140798
"R8LUN_1",23362064,1.05107275448658,24524602.8010515,26892,2.67921535991231,2.40240227472809,3.17637452203296
"R8LUN_2",25756815,1.03901732894085,26727715.0182291,26892,2.72953129861901,2.44191960993996,3.13420886570168
