"Geneid","logCPM_variance"
"ENSG00000168878",27.7752072905541
"ENSG00000171564",26.1873714628433
"ENSG00000132693",25.2746695658306
"ENSG00000171560",23.292931628497
"ENSG00000135346",22.780008364817
"ENSG00000171557",22.6910187849482
"ENSG00000160182",22.0646578852468
"ENSG00000229314",21.4760887782382
"ENSG00000120251",20.4628396878235
"ENSG00000175426",20.3402372597554
"ENSG00000162989",20.3038028935048
"ENSG00000100604",19.6733045543719
"ENSG00000110245",19.0270155223007
"ENSG00000196091",18.6897681026698
"ENSG00000185686",18.479168242378
"ENSG00000145321",18.4256873407539
"ENSG00000158874",18.2629627407056
"ENSG00000104760",18.16202059239
"ENSG00000163631",17.9477308292187
"ENSG00000122852",17.5390161606695
"ENSG00000118137",17.5014398224195
"ENSG00000235687",17.3313217535874
"ENSG00000148513",17.1940540229708
"ENSG00000149021",16.9438815360451
"ENSG00000132703",16.7928680058043
"ENSG00000046774",16.5217846718857
"ENSG00000255446",16.5170069427759
"ENSG00000162621",16.4577180045786
"ENSG00000153002",16.1939222399861
"ENSG00000168484",16.16186805899
"ENSG00000290801",15.5203936150346
"ENSG00000136872",15.4402160062716
"ENSG00000188257",15.4373879116596
"ENSG00000139352",15.4301182744195
"ENSG00000145451",15.3917581205288
"ENSG00000257017",15.2755734612507
"ENSG00000287900",15.1943694100987
"ENSG00000134339",15.0118076509898
"ENSG00000169903",14.8798599988994
"ENSG00000228278",14.8258050572543
"ENSG00000180818",14.7577933222918
"ENSG00000157765",14.713898349319
"ENSG00000100095",14.6711007665554
"ENSG00000255071",14.5215565850358
"ENSG00000110484",14.4886604506521
"ENSG00000124253",14.3632745840428
"ENSG00000186732",14.1948098749953
"ENSG00000173432",14.1486554583699
"ENSG00000257514",14.1146026903345
"ENSG00000234918",13.9533797326885
"ENSG00000084674",13.9311860716127
"ENSG00000155495",13.8068286161679
"ENSG00000163586",13.7997050351343
"ENSG00000132026",13.6727858705743
"ENSG00000172482",13.6727147821549
"ENSG00000091583",13.6296359900556
"ENSG00000145423",13.5583306220364
"ENSG00000170419",13.5435534130398
"ENSG00000086548",13.5193200527937
"ENSG00000170893",13.516605615582
"ENSG00000146678",13.4922354714903
"ENSG00000134240",13.4902838646857
"ENSG00000145824",13.4617893807454
"ENSG00000253215",13.4383173954595
"ENSG00000104879",13.278681292972
"ENSG00000164756",13.2310710238928
"ENSG00000175084",13.1588738084887
"ENSG00000123838",13.1164374107366
"ENSG00000273171",13.0404687515569
"ENSG00000185303",13.0371222511891
"ENSG00000111046",13.0328244123046
"ENSG00000286308",13.0294397406698
"ENSG00000136352",12.9710795434759
"ENSG00000233041",12.8765817945114
"ENSG00000166959",12.8690142803771
"ENSG00000237423",12.8387364546063
"ENSG00000172061",12.7952002069469
"ENSG00000285094",12.7906768774789
"ENSG00000267424",12.7646627118742
"ENSG00000139219",12.7476989765845
"ENSG00000145920",12.7055387590143
"ENSG00000113600",12.6925598134357
"ENSG00000170099",12.6623302231338
"ENSG00000172551",12.6235441401429
"ENSG00000124935",12.5934522559613
"ENSG00000133742",12.4441478818573
"ENSG00000164326",12.3996831436816
"ENSG00000166006",12.3708478241821
"ENSG00000235910",12.3411593611117
"ENSG00000201695",12.3259124696694
"ENSG00000213088",12.3048356800304
"ENSG00000196565",12.2575107006968
"ENSG00000284931",12.2440191813968
"ENSG00000290767",12.2334948002912
"ENSG00000109072",12.2177907631793
"ENSG00000160716",12.2089411346787
"ENSG00000138207",12.2029852093947
"ENSG00000161055",12.1775878181366
"ENSG00000110244",12.1766063121447
"ENSG00000126890",12.1233761355003
"ENSG00000159409",12.0495636744275
"ENSG00000108309",12.0206607508004
"ENSG00000178372",12.0011038000859
"ENSG00000060566",11.9978695453389
"ENSG00000170323",11.9522441505546
"ENSG00000234638",11.9380466116495
"ENSG00000129988",11.9337609001689
"ENSG00000287826",11.8561242337527
"ENSG00000158022",11.8428481183786
"ENSG00000156234",11.7842799085016
"ENSG00000285513",11.7805699620623
"ENSG00000108342",11.7280649404174
"ENSG00000126010",11.6786571815322
"ENSG00000019505",11.609623286215
"ENSG00000101938",11.6070141421628
"ENSG00000163873",11.5749537355992
"ENSG00000157131",11.5532368594573
"ENSG00000235123",11.529233771243
"ENSG00000106927",11.4998541588139
"ENSG00000180210",11.4164724908181
"ENSG00000164128",11.3937638235388
"ENSG00000021852",11.3805556208452
"ENSG00000145192",11.365902111602
"ENSG00000184672",11.3596448195961
"ENSG00000118520",11.3107609445976
"ENSG00000261701",11.3059935672576
"ENSG00000137975",11.3055415656258
"ENSG00000260903",11.2762907719713
"ENSG00000122194",11.2696013647538
"ENSG00000134917",11.2527393230131
"ENSG00000134827",11.2374431662191
"ENSG00000177551",11.2366327529213
"ENSG00000133169",11.231787122969
"ENSG00000228630",11.2174939683617
"ENSG00000113889",11.2034362737421
"ENSG00000178772",11.1826576864013
"ENSG00000165863",11.1444994079216
"ENSG00000186160",11.0897846819512
"ENSG00000286208",10.9937051896053
"ENSG00000008196",10.9880606048898
"ENSG00000105141",10.9582651402329
"ENSG00000283599",10.9024517167324
"ENSG00000142484",10.8876110509915
"ENSG00000105388",10.867732615548
"ENSG00000162896",10.8517539873205
"ENSG00000231240",10.8142121127383
"ENSG00000118972",10.8047469959999
"ENSG00000180178",10.7921298489663
"ENSG00000125820",10.7617011882799
"ENSG00000141161",10.7556466808793
"ENSG00000200336",10.691530251316
"ENSG00000204434",10.6867650703226
"ENSG00000066405",10.6857297183132
"ENSG00000255571",10.6470131455105
"ENSG00000121075",10.6354721580637
"ENSG00000022556",10.6347622118136
"ENSG00000238178",10.5983583978218
"ENSG00000055957",10.5967712661194
"ENSG00000102837",10.558872638106
"ENSG00000211895",10.5543214558929
"ENSG00000080618",10.5497188772905
"ENSG00000291164",10.5462948819378
"ENSG00000250612",10.5194301258607
"ENSG00000168702",10.5165242524334
"ENSG00000176406",10.5117708262361
"ENSG00000130595",10.4998331595556
"ENSG00000167798",10.4886105866349
"ENSG00000130649",10.4885617401578
"ENSG00000178171",10.4821706997463
"ENSG00000196132",10.4539752374047
"ENSG00000127129",10.4498690406553
"ENSG00000142973",10.4469312322813
"ENSG00000130477",10.4432834965357
"ENSG00000135480",10.3939686989038
"ENSG00000095627",10.3884157485508
"ENSG00000184012",10.3832433066011
"ENSG00000259655",10.3828629006211
"ENSG00000278041",10.3767697151295
"ENSG00000181143",10.3733648563214
"ENSG00000155511",10.3676189105789
"ENSG00000286058",10.3400753383494
"ENSG00000163395",10.3189190149357
"ENSG00000105697",10.3010859915989
"ENSG00000080910",10.2963660053768
"ENSG00000101981",10.2817276562231
"ENSG00000168509",10.2738223537434
"ENSG00000198650",10.267435820386
"ENSG00000140798",10.2389994114762
"ENSG00000178445",10.2275949589972
"ENSG00000162706",10.2256365299463
"ENSG00000290700",10.1676407388517
"ENSG00000012223",10.1645979738045
"ENSG00000136546",10.1369225427286
"ENSG00000223534",10.1364955841353
"ENSG00000148965",10.1356981369206
"ENSG00000148346",10.1299098248862
"ENSG00000168243",10.1204911405441
"ENSG00000257520",10.117560585781
"ENSG00000236117",10.1166578147229
"ENSG00000158639",10.1103864507758
"ENSG00000140093",10.1023681557802
"ENSG00000161634",10.0895557546457
"ENSG00000171759",10.0778287853867
"ENSG00000163221",10.045214318176
"ENSG00000105048",10.0353321205348
"ENSG00000184956",10.0079118663584
"ENSG00000136881",10.0057912926587
"ENSG00000229415",10.0057889358864
"ENSG00000257434",9.9780242401037
"ENSG00000251151",9.97477082949794
"ENSG00000117601",9.96272453953824
"ENSG00000007908",9.95326931783164
"ENSG00000257671",9.95311005387657
"ENSG00000267881",9.95216510617814
"ENSG00000186910",9.91591055756442
"ENSG00000156689",9.91553714609737
"ENSG00000188175",9.86388668440881
"ENSG00000237988",9.83764573818936
"ENSG00000115009",9.80936997607367
"ENSG00000113430",9.78143802999613
"ENSG00000187288",9.77571444964251
"ENSG00000272068",9.76084172294537
"ENSG00000115602",9.75763651266921
"ENSG00000149968",9.73155003448082
"ENSG00000110243",9.72805957519332
"ENSG00000197249",9.71304086047147
"ENSG00000277200",9.71218892014
"ENSG00000291278",9.71184314118938
"ENSG00000223349",9.71178959687311
"ENSG00000019169",9.70160615468786
"ENSG00000290591",9.70019092633678
"ENSG00000130294",9.68936025650424
"ENSG00000123388",9.67847946031625
"ENSG00000144290",9.65614086135789
"ENSG00000196188",9.64004640214407
"ENSG00000101470",9.63776499530023
"ENSG00000240253",9.62968397558274
"ENSG00000091831",9.62637977150084
"ENSG00000168079",9.62229097090277
"ENSG00000161896",9.60614865853891
"ENSG00000178965",9.60538505420928
"ENSG00000135638",9.59958433857587
"ENSG00000164265",9.59201720398893
"ENSG00000170367",9.59184713340713
"ENSG00000181092",9.58719271255071
"ENSG00000117983",9.57441890146678
"ENSG00000224559",9.5711418993567
"ENSG00000140107",9.56126193316422
"ENSG00000118271",9.54961674599948
"ENSG00000213886",9.53146637086449
"ENSG00000225670",9.50710235722713
"ENSG00000004939",9.50675475428713
"ENSG00000148702",9.49967427768157
"ENSG00000261678",9.48997460343188
"ENSG00000197893",9.48373209736255
"ENSG00000256612",9.47051154856872
"ENSG00000089225",9.44721597123939
"ENSG00000197253",9.43922981956152
"ENSG00000115221",9.41715146305626
"ENSG00000139304",9.41339048592345
"ENSG00000176887",9.41191924303723
"ENSG00000123407",9.40349898901131
"ENSG00000127324",9.39598083269454
"ENSG00000186439",9.38812303462304
"ENSG00000105398",9.36550591430946
"ENSG00000162975",9.36003327212209
"ENSG00000188263",9.35444596898555
"ENSG00000124875",9.30650838236532
"ENSG00000171885",9.30594170247035
"ENSG00000196260",9.29076193604091
"ENSG00000224916",9.28840898968038
"ENSG00000130720",9.2606669101349
"ENSG00000204740",9.22524549543053
"ENSG00000234906",9.2190489244123
"ENSG00000012504",9.21317388617336
"ENSG00000077522",9.21222255091588
"ENSG00000239474",9.20511409092547
"ENSG00000198797",9.18870275581035
"ENSG00000125999",9.16939290592605
"ENSG00000244474",9.16297401283794
"ENSG00000159212",9.14073602998405
"ENSG00000141668",9.13669925345615
"ENSG00000289168",9.12001535200846
"ENSG00000268388",9.11909629960761
"ENSG00000165973",9.11234914762838
"ENSG00000215612",9.10965788065467
"ENSG00000118432",9.09262605322489
"ENSG00000241635",9.08726016986416
"ENSG00000148584",9.07955812312097
"ENSG00000123843",9.07787635641209
"ENSG00000185352",9.07282667123999
"ENSG00000196090",9.06774116939102
"ENSG00000288705",9.06691729806641
"ENSG00000286026",9.06022927035271
"ENSG00000096088",9.05990153969044
"ENSG00000244122",9.04239216629919
"ENSG00000241119",9.03075899910954
"ENSG00000030304",9.02547361731756
"ENSG00000114771",9.02236992596241
"ENSG00000084628",9.00661462534668
"ENSG00000167165",8.99567662308343
"ENSG00000087510",8.99361704769918
"ENSG00000288702",8.98905330183179
"ENSG00000152932",8.98195256494811
"ENSG00000242515",8.97807925797947
"ENSG00000118004",8.97389197432612
"ENSG00000086696",8.95440836678413
"ENSG00000285155",8.94778068522663
"ENSG00000151224",8.9381636057199
"ENSG00000184937",8.93480002565019
"ENSG00000244414",8.92367798337002
"ENSG00000197444",8.91925985318189
"ENSG00000018625",8.91686829496761
"ENSG00000131482",8.910457778106
"ENSG00000242366",8.89911256230966
"ENSG00000230937",8.89588055136568
"ENSG00000261538",8.89334935293699
"ENSG00000172995",8.89015733933605
"ENSG00000287443",8.86940492448217
"ENSG00000244468",8.85576035177657
"ENSG00000164825",8.84154497422819
"ENSG00000100665",8.82503057215662
"ENSG00000175336",8.82203042847297
"ENSG00000157119",8.82095931302917
"ENSG00000291083",8.80473714368824
"ENSG00000081479",8.80297231003249
"ENSG00000211891",8.79301982916435
"ENSG00000133454",8.79057720076041
"ENSG00000138435",8.76714281751902
"ENSG00000170786",8.76695661313072
"ENSG00000223609",8.7660935821425
"ENSG00000282944",8.74100746731716
"ENSG00000130675",8.73695622255909
"ENSG00000182379",8.73118987286463
"ENSG00000290699",8.7162479624435
"ENSG00000171303",8.70971141875453
"ENSG00000101746",8.70704495489899
"ENSG00000258197",8.70465933102488
"ENSG00000255026",8.67752939912808
"ENSG00000159184",8.6759958719559
"ENSG00000147647",8.67261215406534
"ENSG00000141485",8.66753207264075
"ENSG00000144406",8.66445169248492
"ENSG00000249203",8.64896411764964
"ENSG00000204175",8.64848198440674
"ENSG00000204710",8.64157061587498
"ENSG00000125144",8.6412825507168
"ENSG00000062038",8.63640964790175
"ENSG00000255399",8.63327181638995
"ENSG00000166292",8.62091550805696
"ENSG00000177108",8.61987920980709
"ENSG00000167434",8.61809914010756
"ENSG00000124302",8.60793818802616
"ENSG00000167619",8.59614977499801
"ENSG00000074211",8.58870992983716
"ENSG00000105550",8.5777922040914
"ENSG00000160183",8.56197363171768
"ENSG00000137699",8.5489696902766
"ENSG00000248313",8.53273334406478
"ENSG00000160180",8.50391519573389
"ENSG00000113924",8.50210963643676
"ENSG00000119547",8.49217188235392
"ENSG00000163581",8.4751719585557
"ENSG00000103723",8.43420496272173
"ENSG00000147724",8.43021154222764
"ENSG00000186081",8.42642001756723
"ENSG00000138653",8.40556304026745
"ENSG00000128422",8.40185713251583
"ENSG00000210140",8.39975839155638
"ENSG00000248431",8.39819204420757
"ENSG00000210135",8.36929784771519
"ENSG00000196350",8.36738305521551
"ENSG00000150625",8.35021985214632
"ENSG00000183242",8.34427688894273
"ENSG00000129951",8.34323112208441
"ENSG00000233875",8.3398826132491
"ENSG00000278518",8.31889836373925
"ENSG00000159251",8.30955397672922
"ENSG00000172260",8.29696260380126
"ENSG00000166159",8.29271620756745
"ENSG00000170290",8.28892487589771
"ENSG00000261347",8.27357125995596
"ENSG00000133083",8.2467586482598
"ENSG00000165125",8.24051119161148
"ENSG00000017427",8.24037752975307
"ENSG00000122584",8.21919908662313
"ENSG00000158104",8.21625138065842
"ENSG00000290660",8.20981999446779
"ENSG00000187908",8.20871634434218
"ENSG00000172236",8.199825880105
"ENSG00000215808",8.19589235598194
"ENSG00000154198",8.17590974753131
"ENSG00000240045",8.16237868683693
"ENSG00000163751",8.15298530163243
"ENSG00000237265",8.14434085703639
"ENSG00000204936",8.14214271960783
"ENSG00000124939",8.13564755663078
"ENSG00000290010",8.1216015766648
"ENSG00000143546",8.11789558046945
"ENSG00000161944",8.10028653409798
"ENSG00000113905",8.09875891149215
"ENSG00000134258",8.08978356246881
"ENSG00000290456",8.0873029402684
"ENSG00000156219",8.07651003571272
"ENSG00000189058",8.06565412363726
"ENSG00000171798",8.06234138702218
"ENSG00000187048",8.0401080743933
"ENSG00000169562",8.03916519815315
"ENSG00000173467",8.02501351816472
"ENSG00000043355",8.02023808237535
"ENSG00000101323",8.01450366487981
"ENSG00000165828",8.00282810797872
"ENSG00000237330",7.99419219991419
"ENSG00000210144",7.98783849241612
"ENSG00000250978",7.98555578852668
"ENSG00000182566",7.97891654638368
"ENSG00000206172",7.97873979005371
"ENSG00000136155",7.97373345593012
"ENSG00000100557",7.97310771841343
"ENSG00000253802",7.96828668361194
"ENSG00000141433",7.96468897246079
"ENSG00000237515",7.96260320550849
"ENSG00000132872",7.95177505321693
"ENSG00000133878",7.9490046656518
"ENSG00000138347",7.94754649626529
"ENSG00000186487",7.94607517931513
"ENSG00000099399",7.94509068575571
"ENSG00000170965",7.94183355761025
"ENSG00000211890",7.93751228876618
"ENSG00000137077",7.93571170965336
"ENSG00000179914",7.93166954953655
"ENSG00000236882",7.92300836970406
"ENSG00000211892",7.91822585929859
"ENSG00000164093",7.91450112293323
"ENSG00000064886",7.91009770501687
"ENSG00000163554",7.90830446982305
"ENSG00000223808",7.90751745745093
"ENSG00000118526",7.9000339301503
"ENSG00000253477",7.88201575278171
"ENSG00000139209",7.88100042564442
"ENSG00000159763",7.87998528903775
"ENSG00000112299",7.87991196428378
"ENSG00000129596",7.86436344456609
"ENSG00000138109",7.86041101705788
"ENSG00000210127",7.85692933163934
"ENSG00000162366",7.85583229025613
"ENSG00000226278",7.8533374304399
"ENSG00000183747",7.85189191041933
"ENSG00000101076",7.84597755001817
"ENSG00000161649",7.82378084057124
"ENSG00000168269",7.82239104217318
"ENSG00000261143",7.81884549762329
"ENSG00000129990",7.81142144976493
"ENSG00000213225",7.79698679096922
"ENSG00000205358",7.78821125719212
"ENSG00000157064",7.78174710229618
"ENSG00000009709",7.78069649600183
"ENSG00000156096",7.77808413384335
"ENSG00000235142",7.77126319033499
"ENSG00000163739",7.75004356331981
"ENSG00000198183",7.74645081627188
"ENSG00000124143",7.74547890347891
"ENSG00000196549",7.73400615231352
"ENSG00000166961",7.72996096542988
"ENSG00000079393",7.71211884844713
"ENSG00000260220",7.70535673150747
"ENSG00000066813",7.70353212754214
"ENSG00000128564",7.70222471414533
"ENSG00000127241",7.69920786653502
"ENSG00000165078",7.69477886038982
"ENSG00000081138",7.66068794155276
"ENSG00000213759",7.65812808988914
"ENSG00000134389",7.64916680496473
"ENSG00000100362",7.64046311704101
"ENSG00000110436",7.62895051825953
"ENSG00000143632",7.61902965268605
"ENSG00000123561",7.61706736486761
"ENSG00000167767",7.61083195637177
"ENSG00000176153",7.60749498049023
"ENSG00000166148",7.60320156214167
"ENSG00000184226",7.60303844466221
"ENSG00000184564",7.58912652125964
"ENSG00000134762",7.58724751234468
"ENSG00000218052",7.58715503768089
"ENSG00000162267",7.58561790316696
"ENSG00000265766",7.58049017572349
"ENSG00000180875",7.56702528705934
"ENSG00000171517",7.56277440035552
"ENSG00000134538",7.56050687869389
"ENSG00000262406",7.55421200198716
"ENSG00000288669",7.55419776175318
"ENSG00000089558",7.55222743022449
"ENSG00000166947",7.53199699976417
"ENSG00000230328",7.50642636790842
"ENSG00000169877",7.49627479521524
"ENSG00000137204",7.48628617516425
"ENSG00000196208",7.4656724408203
"ENSG00000081277",7.46127127576479
"ENSG00000205866",7.460853122767
"ENSG00000166828",7.44750385445616
