"library_id","raw_library_size","tmm_normalization_factor","effective_library_size","retained_genes","genes_used_for_visualization"
"R18LIV_1",22537103,0.487887313763391,10988148.3160731,26892,500
"R18LIV_2",22336050,0.48787551656465,10889918.1927912,26892,500
"R18LUN_1",20836934,0.946524122292508,19699574.9422742,26892,500
"R18LUN_2",19349815,0.977778515401878,18894851.1429325,26892,500
"R23LIV_1",19902776,1.03799982328017,20638006.5743721,26892,500
"R23LIV_2",24910725,1.05718293617049,26305668.3925943,26892,500
"R23LUN_1",23543444,1.17832674871215,27690320.383404,26892,500
"R23LUN_2",20161655,1.22714905081596,24694047.9730709,26892,500
"R33LIV_1",21892900,1.19427645948626,26097846.3144007,26892,500
"R33LIV_2",22817999,1.09115801230244,24866573.4364843,26892,500
"R33LUN_1",22341635,1.16437521730699,25969493.6191787,26892,500
"R33LUN_2",22338804,1.07908646077912,24066182.2730271,26892,500
"R36LIV_1",21728504,1.07184476506879,23257788.0620653,26892,500
"R36LIV_2",22205508,0.995420588723271,22075935.1293074,26892,500
"R36LUN_1",22937644,1.0170382079385,23290474.9880631,26892,500
"R36LUN_2",18854457,1.06695206811938,20084328.1362726,26892,500
"R39BR_1",23989774,0.908977258386803,21778828.7806111,26892,500
"R39LIV_1",25967785,1.09119336181865,28291033.1131233,26892,500
"R39LIV_2",28676589,0.957155691070217,27410400.6153583,26892,500
"R49BR_1",23224295,1.08859140154916,25248330.6705512,26892,500
"R49BR_2",26588425,1.07055372560452,28425762.1793116,26892,500
"R49BR_3",22117604,0.927879061322453,20495682.1206329,26892,500
"R49LIV_1",25342215,1.11050415821757,28095953.983149,26892,500
"R49LIV_2",24117635,1.11223895287195,26783443.6139096,26892,500
"R49LUN_1",20268488,1.11117527718285,22490192.0548819,26892,500
"R49LUN_2",18882330,1.15485280763017,21769927.0225422,26892,500
"R8BR_1",25764313,0.96977251841261,24951488.5366471,26892,500
"R8BR_2",29614222,1.05000563503455,31044063.4032677,26892,500
"R8LIV_1",24957815,0.837123688665122,20875170.0941543,26892,500
"R8LIV_2",25599515,0.996300010295654,25479833.7650058,26892,500
"R8LUN_1",23362064,1.05107275448658,24524602.8010515,26892,500
"R8LUN_2",25756815,1.03901732894085,26727715.0182291,26892,500
