"library_id","PC1","PC2","patient","tissue","specimen_id"
"R18LIV_1",-111.64588527106,-62.5024783195545,"4","Liver/Bile Duct","4|Liver/Bile Duct|5235L|140513-2"
"R18LIV_2",-109.797377018281,-62.6017270927639,"4","Liver/Bile Duct","4|Liver/Bile Duct|5235L|140513-2"
"R18LUN_1",-19.1076332963346,1.11893469130616,"4","Lung","4|Lung|5233L|140512-1"
"R18LUN_2",-25.4893526009135,-1.29281684609783,"4","Lung","4|Lung|5233L|140512-1"
"R23LIV_1",-5.35529960257222,36.4990215218729,"5","Liver/Bile Duct","5|Liver/Bile Duct|DBF0L|150305-3"
"R23LIV_2",-6.97222942091414,33.3961681284475,"5","Liver/Bile Duct","5|Liver/Bile Duct|DBF0L|150305-3"
"R23LUN_1",2.10766751897897,23.3952690973172,"5","Lung","5|Lung|DB3BL|150293-3"
"R23LUN_2",4.51697498531833,26.7200811224552,"5","Lung","5|Lung|DB3BL|150293-3"
"R33LIV_1",-25.2251696960644,-11.2739047036467,"6","Liver/Bile Duct","6|Liver/Bile Duct|164C1L|150895-2"
"R33LIV_2",-23.0086737007458,-6.89948205399715,"6","Liver/Bile Duct","6|Liver/Bile Duct|164C1L|150895-2"
"R33LUN_1",6.28593436291899,10.317483018152,"6","Lung","6|Lung|16483L|150888-2"
"R33LUN_2",7.87000729277313,10.024683165698,"6","Lung","6|Lung|16483L|150888-2"
"R36LIV_1",-13.0997915809261,15.2404731331445,"7","Liver/Bile Duct","7|Liver/Bile Duct|19D4AL|160203-3"
"R36LIV_2",-51.1653397805629,-10.3203697984983,"7","Liver/Bile Duct","7|Liver/Bile Duct|19D4AL|160203-3"
"R36LUN_1",-5.67123474449333,14.1712962207493,"7","Lung","7|Lung|19D40L|160208-3"
"R36LUN_2",0.0467163490774619,21.0142204736649,"7","Lung","7|Lung|19D40L|160208-3"
"R39BR_1",-4.65997395613665,15.2078309951686,"2","Breast","2|Breast|1BE09L|160417-2"
"R39LIV_1",-4.59527594309303,36.7423238383878,"2","Liver/Bile Duct","2|Liver/Bile Duct|1BDB0L|160415-3"
"R39LIV_2",-3.6925170952757,40.7027829372854,"2","Liver/Bile Duct","2|Liver/Bile Duct|1BDB0L|160415-3"
"R49BR_1",58.2800231291073,-47.6969231316937,"3","Breast","3|Breast|31906L|180606-3"
"R49BR_2",57.5427030582008,-47.7603438493565,"3","Breast","3|Breast|31906L|180606-3"
"R49BR_3",52.9575725760067,-39.6491188514238,"3","Breast","3|Breast|31906L|180606-3"
"R49LIV_1",41.9649302656868,-38.7455965255964,"3","Liver/Bile Duct","3|Liver/Bile Duct|31917L|180609-3"
"R49LIV_2",46.3449972188195,-38.7789531716345,"3","Liver/Bile Duct","3|Liver/Bile Duct|31917L|180609-3"
"R49LUN_1",52.5440280844221,-41.3660378947292,"3","Lung","3|Lung|31966L|180608-3"
"R49LUN_2",54.8139343891292,-41.1286123589945,"3","Lung","3|Lung|31966L|180608-3"
"R8BR_1",10.3365814246243,26.5737608074509,"1","Breast","1|Breast|39F05L|121197-3"
"R8BR_2",19.7450421674518,28.7833687925682,"1","Breast","1|Breast|39F05L|121197-3"
"R8LIV_1",-4.95302956355518,27.6802118762074,"1","Liver/Bile Duct","1|Liver/Bile Duct|39F06L|121196-3"
"R8LIV_2",-28.5185139194869,9.84544125378249,"1","Liver/Bile Duct","1|Liver/Bile Duct|39F06L|121196-3"
"R8LUN_1",14.2789536877874,37.6411383532531,"1","Lung","1|Lung|39F07L|121195-3"
"R8LUN_2",13.3212306801133,34.9418751710753,"1","Lung","1|Lung|39F07L|121195-3"
