"","R18LIV_1","R18LIV_2","R18LUN_1","R18LUN_2","R23LIV_1","R23LIV_2","R23LUN_1","R23LUN_2","R33LIV_1","R33LIV_2","R33LUN_1","R33LUN_2","R36LIV_1","R36LIV_2","R36LUN_1","R36LUN_2","R39BR_1","R39LIV_1","R39LIV_2","R49BR_1","R49BR_2","R49BR_3","R49LIV_1","R49LIV_2","R49LUN_1","R49LUN_2","R8BR_1","R8BR_2","R8LIV_1","R8LIV_2","R8LUN_1","R8LUN_2"
"R18LIV_1",0,26.2927125496241,131.46412124855,125.81265292934,154.543291006037,150.837143132002,153.882287593565,156.57882497329,123.530923385569,126.682602522894,155.219293296539,155.96246003251,142.367879675433,106.72217302148,141.855119761792,151.778905315635,145.882363418958,154.19670293536,158.964217895658,175.40839418122,175.219410813925,173.135792714797,164.388181802674,167.785643092076,172.895307479379,173.868266164361,157.922551826334,167.011935358372,148.898083433808,126.127735478082,169.277799601869,166.640413710792
"R18LIV_2",26.2927125496241,0,128.369628569685,123.136240950374,153.119654098276,149.378052949504,152.217718026931,154.752725918729,120.767627235044,123.774237681565,152.629201081157,153.690383493879,140.155556899491,104.336250653768,140.105940471468,150.089272238385,145.807009434813,153.362381125373,157.887066430464,172.854642492994,172.678819892088,170.788961726182,163.274442163868,167.145502283788,170.716772650329,171.684126575687,157.449365950955,166.19160278506,148.49134423746,125.777810504696,166.227739999069,163.711616741488
"R18LUN_1",131.46412124855,128.369628569685,0,24.3394686131393,99.1029549561708,94.1483230805412,61.635861601471,67.2272031703348,85.7588262820644,87.2189691885409,63.8118717610704,65.0899710571596,90.1340284898808,104.647020921377,73.9092827236211,85.3879155089289,81.9681594653577,95.6841219621619,101.278282690745,117.52619880534,117.905628724743,113.487848006639,111.810914376411,113.59627187513,105.692344603328,109.102087779294,91.090400041865,101.266201369748,95.9748277867491,102.725694016216,88.5923633200207,84.3517301458933
"R18LUN_2",125.81265292934,123.136240950374,24.3394686131393,0,101.596476208637,96.8649999117316,61.201576520357,66.8886537360291,86.1615101216969,89.0152614825052,65.9272301990374,69.1169857480048,92.5315353679047,102.876229321197,77.6258598701611,89.9914482172094,84.5133619977523,98.082889783547,104.204943819696,120.683166314506,121.006191038711,116.848517401658,115.807677939573,118.325075299523,109.145443762152,113.204799026768,95.1736754000599,105.786758622096,98.7446042655537,103.695659251104,92.1952831886399,88.5568076192911
"R23LIV_1",154.543291006037,153.119654098276,99.1029549561708,101.596476208637,0,18.6222411943449,77.9575910288022,72.5411712936442,92.4775085003517,87.8949574089653,92.4520545975771,92.5116589301572,69.7853391668302,94.1883168233126,74.9653528725435,72.906999880727,88.5812273076648,63.9465518397836,65.491378359254,119.670480382234,120.771229037791,116.81656193165,106.938779817501,109.766343897665,115.096586811123,114.912885013971,81.240227340639,78.903546395651,69.254896549219,82.0445587132067,79.1422075669922,79.4194498229916
"R23LIV_2",150.837143132002,149.378052949504,94.1483230805412,96.8649999117316,18.6222411943449,0,73.2268152620814,68.3240382558161,87.7887058968025,84.3495797211628,89.2023462430722,89.0459171785636,67.402830547925,93.0167037598828,71.839485566513,71.2048386305318,85.8512974916626,63.8732924097371,66.2528124031441,117.578218048772,118.700984631461,114.915834205512,104.829425647325,108.359046340139,112.636567726096,112.672445341848,79.312324937486,77.9388123631817,68.2547672453709,80.7083085005074,79.2153720464256,78.5930112960767
"R23LUN_1",153.882287593565,152.217718026931,61.635861601471,61.201576520357,77.9575910288022,73.2268152620814,0,22.4288956313201,90.8772806052927,91.813326699924,57.9433640674682,60.4345779825741,83.7304037897668,109.1173318567,68.5992293387115,77.5296928290725,76.248782270593,82.2322702449515,89.0069286068328,110.266344936552,110.894477490184,105.397520042002,109.243547569969,111.220707958381,102.140064368195,105.346962854982,80.0386946537253,88.9456828657923,88.1818436846568,101.589521794792,77.8485353812117,75.7271022258327
"R23LUN_2",156.57882497329,154.752725918729,67.2272031703348,66.8886537360291,72.5411712936442,68.3240382558161,22.4288956313201,0,91.3040242771995,91.6634502646547,59.1087384542116,61.5892049824892,82.9737535729039,108.796916062156,68.5693557442639,76.0449636649363,79.3026684012405,81.2981722623379,87.3026499057803,110.103515172463,111.264403667588,106.530851926833,108.396076125019,110.859420009007,100.882061216807,103.796416425613,78.5130128964633,86.7601367773283,86.5229353429817,100.239492980806,73.2971633798551,71.4122731008798
"R33LIV_1",123.530923385569,120.767627235044,85.7588262820644,86.1615101216969,92.4775085003517,87.7887058968025,90.8772806052927,91.3040242771995,0,22.6335685276805,70.8567361933697,68.7884925135499,69.8042436806175,80.0851372939727,79.5623819635996,84.7603997273217,96.2450200035808,95.2517312291372,98.9012782508708,112.666981483468,115.414392965513,112.889956425013,99.9882327292824,107.352870529244,106.519729424411,106.945116948049,95.7948147626028,100.731803118398,89.4966281694556,87.2628818235204,94.8365148772401,92.3586499120773
"R33LIV_2",126.682602522894,123.774237681565,87.2189691885409,89.0152614825052,87.8949574089653,84.3495797211628,91.813326699924,91.6634502646547,22.6335685276805,0,70.8100436574052,68.2514022835107,70.0846707610558,80.4723065538584,78.3516709047818,82.3352748260649,94.5300232045265,91.0776963547977,94.609240320378,112.854458717657,115.412719234907,112.870741641014,99.4666513387453,105.857133963976,106.02153485194,105.847660574991,92.3594894746939,97.0727372798618,85.1690356647482,84.0908296716939,91.6102174768614,90.0023666218546
"R33LUN_1",155.219293296539,152.629201081157,63.8118717610704,65.9272301990374,92.4520545975771,89.2023462430722,57.9433640674682,59.1087384542116,70.8567361933697,70.8100436574052,0,27.1733247823075,82.8228199082064,106.552117164659,72.0410699743472,77.7932622688744,85.1997095580935,93.456283579143,97.9058813740189,105.264352419602,107.335041252433,103.061562933657,101.768448306891,105.126440965596,93.5321469526375,96.6979216491839,85.7423914802866,91.9501656882122,92.8236324286147,104.613661143475,76.1128583165733,73.6906770547204
"R33LUN_2",155.96246003251,153.690383493879,65.0899710571596,69.1169857480048,92.5116589301572,89.0459171785636,60.4345779825741,61.5892049824892,68.7884925135499,68.2514022835107,27.1733247823075,0,80.5235288983638,105.487157296402,67.4958392038386,73.4687800842551,87.1825480453809,93.3404163855486,97.5769405247377,103.80127227209,106.192639275416,102.259439655113,99.2785864069168,102.339363740019,92.478753493866,94.7480243764321,83.4888181634298,89.4324891625474,90.3957243527855,102.95580351455,76.6924668327279,73.0197440345252
"R36LIV_1",142.367879675433,140.155556899491,90.1340284898808,92.5315353679047,69.7853391668302,67.402830547925,83.7304037897668,82.9737535729039,69.8042436806175,70.0846707610558,82.8228199082064,80.5235288983638,0,61.9144700914982,57.7226796173479,53.184299939502,89.3397006735537,77.200299573118,80.1135487225148,111.572545680798,113.867223777553,111.064419973914,99.4412258434575,104.45119693031,108.278929115564,108.390916966773,85.4643472280459,85.4341102503086,75.0665995393033,79.7347293625865,80.0005259276507,78.0830136816959
"R36LIV_2",106.72217302148,104.336250653768,104.647020921377,102.876229321197,94.1883168233126,93.0167037598828,109.1173318567,108.796916062156,80.0851372939727,80.4723065538584,106.552117164659,105.487157296402,61.9144700914982,0,84.5010069039434,84.9795723564186,111.073895309473,101.648847403419,104.103766969349,131.152292336044,132.236425080738,131.088149823606,119.161374604668,123.324466840186,128.032407636815,128.617499435644,108.584948843888,110.754838675807,94.7618660501245,76.2660294267057,108.206954431733,106.481965789845
"R36LUN_1",141.855119761792,140.105940471468,73.9092827236211,77.6258598701611,74.9653528725435,71.839485566513,68.5992293387115,68.5693557442639,79.5623819635996,78.3516709047818,72.0410699743472,67.4958392038386,57.7226796173479,84.5010069039434,0,28.9963127953124,68.0301012832211,74.8449890327169,81.1180174261511,102.757126363657,103.814883897161,99.6848838881425,100.212618988578,102.043842767498,103.912501505401,102.966508881987,71.5259791032567,79.7705518759608,80.6810846054731,89.7545302723173,78.8261162412813,74.3440444652263
"R36LUN_2",151.778905315635,150.089272238385,85.3879155089289,89.9914482172094,72.906999880727,71.2048386305318,77.5296928290725,76.0449636649363,84.7603997273217,82.3352748260649,77.7932622688744,73.4687800842551,53.184299939502,84.9795723564186,28.9963127953124,0,77.7595942670857,75.3983042522232,80.289390328374,105.338582089394,106.714146962978,102.671626381441,101.794753910975,103.500890558703,106.681336601801,105.129381443602,73.7442394153298,77.4351661319244,79.0130215712267,90.6509166070717,78.6859662421717,74.973466025251
"R39BR_1",145.882363418958,145.807009434813,81.9681594653577,84.5133619977523,88.5812273076648,85.8512974916626,76.248782270593,79.3026684012405,96.2450200035808,94.5300232045265,85.1997095580935,87.1825480453809,89.3397006735537,111.073895309473,68.0301012832211,77.7595942670857,0,78.8665299912656,85.6345531337328,110.942660046836,110.336624188994,103.263198091995,111.656706572769,111.832736125178,116.596653313215,114.88422714196,72.0582175193685,86.7453977665898,91.5984391058803,103.129094582772,92.0445353979867,89.2373539827024
"R39LIV_1",154.19670293536,153.362381125373,95.6841219621619,98.082889783547,63.9465518397836,63.8732924097371,82.2322702449515,81.2981722623379,95.2517312291372,91.0776963547977,93.456283579143,93.3404163855486,77.200299573118,101.648847403419,74.8449890327169,75.3983042522232,78.8665299912656,0,25.74316718992,121.516159861848,122.366507439367,116.678147486858,106.261764016957,107.536089409513,116.194129339227,114.519002244531,77.6105427360077,77.1414556624016,70.1978137238735,85.4532659495899,79.6830022568684,80.6644455717747
"R39LIV_2",158.964217895658,157.887066430464,101.278282690745,104.204943819696,65.491378359254,66.2528124031441,89.0069286068328,87.3026499057803,98.9012782508708,94.609240320378,97.9058813740189,97.5769405247377,80.1135487225148,104.103766969349,81.1180174261511,80.289390328374,85.6345531337328,25.74316718992,0,126.019143705867,126.829907516447,121.430740459668,108.891868020419,110.631230966732,119.669004419417,117.964077357443,81.8156494738235,79.16920370142,72.1640537623681,87.0425478677837,81.403124352104,82.5886142888804
"R49BR_1",175.40839418122,172.854642492994,117.52619880534,120.683166314506,119.670480382234,117.578218048772,110.266344936552,110.103515172463,112.666981483468,112.854458717657,105.264352419602,103.80127227209,111.572545680798,131.152292336044,102.757126363657,105.338582089394,110.942660046836,121.516159861848,126.019143705867,0,19.1666603019627,33.3717605244304,74.5451563447948,74.7830652375613,67.240746825283,64.7579875132617,104.764454361732,102.108493234305,116.913907960713,125.021244168878,113.110404157163,110.597816836957
"R49BR_2",175.219410813925,172.678819892088,117.905628724743,121.006191038711,120.771229037791,118.700984631461,110.894477490184,111.264403667588,115.414392965513,115.412719234907,107.335041252433,106.192639275416,113.867223777553,132.236425080738,103.814883897161,106.714146962978,110.336624188994,122.366507439367,126.829907516447,19.1666603019627,0,29.1388694754144,79.6689521809162,78.7154860497833,70.6564587539552,69.1768464166538,104.584292522804,101.866283289538,117.326549842584,125.152378043873,114.854349320284,112.257119823935
"R49BR_3",173.135792714797,170.788961726182,113.487848006639,116.848517401658,116.81656193165,114.915834205512,105.397520042002,106.530851926833,112.889956425013,112.870741641014,103.061562933657,102.259439655113,111.064419973914,131.088149823606,99.6848838881425,102.671626381441,103.263198091995,116.678147486858,121.430740459668,33.3717605244304,29.1388694754144,0,84.0219648102647,83.5322612900489,77.9176899437115,76.7417870981154,99.6382374781087,96.3282135329897,113.282313372703,122.13742795423,111.288322602654,108.266304823522
"R49LIV_1",164.388181802674,163.274442163868,111.810914376411,115.807677939573,106.938779817501,104.829425647325,109.243547569969,108.396076125019,99.9882327292824,99.4666513387453,101.768448306891,99.2785864069168,99.4412258434575,119.161374604668,100.212618988578,101.794753910975,111.656706572769,106.261764016957,108.891868020419,74.5451563447948,79.6689521809162,84.0219648102647,0,24.9882141203899,58.0601783241999,51.7637810833977,102.051834274942,99.2584781809413,99.8915785343682,108.089104127935,106.395479139294,105.163080201159
"R49LIV_2",167.785643092076,167.145502283788,113.59627187513,118.325075299523,109.766343897665,108.359046340139,111.220707958381,110.859420009007,107.352870529244,105.857133963976,105.126440965596,102.339363740019,104.45119693031,123.324466840186,102.043842767498,103.500890558703,111.832736125178,107.536089409513,110.631230966732,74.7830652375613,78.7154860497833,83.5322612900489,24.9882141203899,0,58.7107137889489,51.0052164014494,101.55696176474,98.8111542533863,101.755970546842,110.261209575304,108.461555518919,107.136243399589
"R49LUN_1",172.895307479379,170.716772650329,105.692344603328,109.145443762152,115.096586811123,112.636567726096,102.140064368195,100.882061216807,106.519729424411,106.02153485194,93.5321469526375,92.478753493866,108.278929115564,128.032407636815,103.912501505401,106.681336601801,116.596653313215,116.194129339227,119.669004419417,67.240746825283,70.6564587539552,77.9176899437115,58.0601783241999,58.7107137889489,0,24.8699119903028,107.700140037635,106.814217181918,110.986756503356,119.714328959157,105.215243389628,103.57854938561
"R49LUN_2",173.868266164361,171.684126575687,109.102087779294,113.204799026768,114.912885013971,112.672445341848,105.346962854982,103.796416425613,106.945116948049,105.847660574991,96.6979216491839,94.7480243764321,108.390916966773,128.617499435644,102.966508881987,105.129381443602,114.88422714196,114.519002244531,117.964077357443,64.7579875132617,69.1768464166538,76.7417870981154,51.7637810833977,51.0052164014494,24.8699119903028,0,105.141549595869,104.165798496431,109.552944546233,119.020691082987,103.877967202498,102.623079939857
"R8BR_1",157.922551826334,157.449365950955,91.090400041865,95.1736754000599,81.240227340639,79.312324937486,80.0386946537253,78.5130128964633,95.7948147626028,92.3594894746939,85.7423914802866,83.4888181634298,85.4643472280459,108.584948843888,71.5259791032567,73.7442394153298,72.0582175193685,77.6105427360077,81.8156494738235,104.764454361732,104.584292522804,99.6382374781087,102.051834274942,101.55696176474,107.700140037635,105.141549595869,0,35.7929891830153,53.2492825447487,71.3690580153247,71.3853437178115,68.8963581938288
"R8BR_2",167.011935358372,166.19160278506,101.266201369748,105.786758622096,78.903546395651,77.9388123631817,88.9456828657923,86.7601367773283,100.731803118398,97.0727372798618,91.9501656882122,89.4324891625474,85.4341102503086,110.754838675807,79.7705518759608,77.4351661319244,86.7453977665898,77.1414556624016,79.16920370142,102.108493234305,101.866283289538,96.3282135329897,99.2584781809413,98.8111542533863,106.814217181918,104.165798496431,35.7929891830153,0,47.7830435542208,68.0677841948147,71.3897036957709,69.436841523685
"R8LIV_1",148.898083433808,148.49134423746,95.9748277867491,98.7446042655537,69.254896549219,68.2547672453709,88.1818436846568,86.5229353429817,89.4966281694556,85.1690356647482,92.8236324286147,90.3957243527855,75.0665995393033,94.7618660501245,80.6810846054731,79.0130215712267,91.5984391058803,70.1978137238735,72.1640537623681,116.913907960713,117.326549842584,113.282313372703,99.8915785343682,101.755970546842,110.986756503356,109.552944546233,53.2492825447487,47.7830435542208,0,43.3558615213965,73.6284659006596,73.746828594321
"R8LIV_2",126.127735478082,125.777810504696,102.725694016216,103.695659251104,82.0445587132067,80.7083085005074,101.589521794792,100.239492980806,87.2628818235204,84.0908296716939,104.613661143475,102.95580351455,79.7347293625865,76.2660294267057,89.7545302723173,90.6509166070717,103.129094582772,85.4532659495899,87.0425478677837,125.021244168878,125.152378043873,122.13742795423,108.089104127935,110.261209575304,119.714328959157,119.020691082987,71.3690580153247,68.0677841948147,43.3558615213965,0,90.5884035704228,89.5872297512973
"R8LUN_1",169.277799601869,166.227739999069,88.5923633200207,92.1952831886399,79.1422075669922,79.2153720464256,77.8485353812117,73.2971633798551,94.8365148772401,91.6102174768614,76.1128583165733,76.6924668327279,80.0005259276507,108.206954431733,78.8261162412813,78.6859662421717,92.0445353979867,79.6830022568684,81.403124352104,113.110404157163,114.854349320284,111.288322602654,106.395479139294,108.461555518919,105.215243389628,103.877967202498,71.3853437178115,71.3897036957709,73.6284659006596,90.5884035704228,0,19.1163548563406
"R8LUN_2",166.640413710792,163.711616741488,84.3517301458933,88.5568076192911,79.4194498229916,78.5930112960767,75.7271022258327,71.4122731008798,92.3586499120773,90.0023666218546,73.6906770547204,73.0197440345252,78.0830136816959,106.481965789845,74.3440444652263,74.973466025251,89.2373539827024,80.6644455717747,82.5886142888804,110.597816836957,112.257119823935,108.266304823522,105.163080201159,107.136243399589,103.57854938561,102.623079939857,68.8963581938288,69.436841523685,73.746828594321,89.5872297512973,19.1163548563406,0
