"RNA-seq name","Patient #","Tissue Site","External ID","Container ID","Internal Case ID","Histology","Sequencing Instrument","Sequencing Details","matrix_id","specimen_id"
"R18LIV_1",4,"Liver/Bile Duct","RA11_018","5235L","140513-2","Invasive ductal carcinoma","NovaSeq 6000","PE150, polyA encrichment","R18LIV_1","4|Liver/Bile Duct|5235L|140513-2"
"R18LIV_2",4,"Liver/Bile Duct","RA11_018","5235L","140513-2","Invasive ductal carcinoma","NovaSeq 6000","PE150, polyA encrichment","R18LIV_2","4|Liver/Bile Duct|5235L|140513-2"
"R18LUN_1",4,"Lung","RA11_018","5233L","140512-1","Invasive ductal carcinoma","NovaSeq 6000","PE150, polyA encrichment","R18LUN_1","4|Lung|5233L|140512-1"
"R18LUN_2",4,"Lung","RA11_018","5233L","140512-1","Invasive ductal carcinoma","NovaSeq 6000","PE150, polyA encrichment","R18LUN_2","4|Lung|5233L|140512-1"
"R23LIV_1",5,"Liver/Bile Duct","RA11_023","DBF0L","150305-3","Invasive ductal carcinoma","NovaSeq 6000","PE150, polyA encrichment","R23LIV_1","5|Liver/Bile Duct|DBF0L|150305-3"
"R23LIV_2",5,"Liver/Bile Duct","RA11_023","DBF0L","150305-3","Invasive ductal carcinoma","NovaSeq 6000","PE150, polyA encrichment","R23LIV_2","5|Liver/Bile Duct|DBF0L|150305-3"
"R23LUN_1",5,"Lung","RA11_023","DB3BL","150293-3","Invasive ductal carcinoma","NovaSeq 6000","PE150, polyA encrichment","R23LUN_1","5|Lung|DB3BL|150293-3"
"R23LUN_2",5,"Lung","RA11_023","DB3BL","150293-3","Invasive ductal carcinoma","NovaSeq 6000","PE150, polyA encrichment","R23LUN_2","5|Lung|DB3BL|150293-3"
"R33LIV_1",6,"Liver/Bile Duct","RA11_033","164C1L","150895-2","Invasive ductal carcinoma","NovaSeq 6000","PE150, polyA encrichment","R33LIV_1","6|Liver/Bile Duct|164C1L|150895-2"
"R33LIV_2",6,"Liver/Bile Duct","RA11_033","164C1L","150895-2","Invasive ductal carcinoma","NovaSeq 6000","PE150, polyA encrichment","R33LIV_2","6|Liver/Bile Duct|164C1L|150895-2"
"R33LUN_1",6,"Lung","RA11_033","16483L","150888-2","Invasive ductal carcinoma","NovaSeq 6000","PE150, polyA encrichment","R33LUN_1","6|Lung|16483L|150888-2"
"R33LUN_2",6,"Lung","RA11_033","16483L","150888-2","Invasive ductal carcinoma","NovaSeq 6000","PE150, polyA encrichment","R33LUN_2","6|Lung|16483L|150888-2"
"R36LIV_1",7,"Liver/Bile Duct","RA11_036","19D4AL","160203-3","Invasive ductal carcinoma","NovaSeq 6000","PE150, polyA encrichment","R36LIV_1","7|Liver/Bile Duct|19D4AL|160203-3"
"R36LIV_2",7,"Liver/Bile Duct","RA11_036","19D4AL","160203-3","Invasive ductal carcinoma","NovaSeq 6000","PE150, polyA encrichment","R36LIV_2","7|Liver/Bile Duct|19D4AL|160203-3"
"R36LUN_1",7,"Lung","RA11_036","19D40L","160208-3","Invasive ductal carcinoma","NovaSeq 6000","PE150, polyA encrichment","R36LUN_1","7|Lung|19D40L|160208-3"
"R36LUN_2",7,"Lung","RA11_036","19D40L","160208-3","Invasive ductal carcinoma","NovaSeq 6000","PE150, polyA encrichment","R36LUN_2","7|Lung|19D40L|160208-3"
"R39BR-1",2,"Breast","RA11_039","1BE09L","160417-2","Invasive ductal carcinoma (NO MALIGNANCY DIAGNOSED / NO TUMOR SEEN)","NovaSeq 6000","PE150, polyA encrichment","R39BR_1","2|Breast|1BE09L|160417-2"
"R39LIV-1",2,"Liver/Bile Duct","RA11_039","1BDB0L","160415-3","Invasive ductal carcinoma","NovaSeq 6000","PE150, polyA encrichment","R39LIV_1","2|Liver/Bile Duct|1BDB0L|160415-3"
"R39LIV-2",2,"Liver/Bile Duct","RA11_039","1BDB0L","160415-3","Invasive ductal carcinoma","NovaSeq 6000","PE150, polyA encrichment","R39LIV_2","2|Liver/Bile Duct|1BDB0L|160415-3"
"R49BR_1",3,"Breast","RA11_049","31906L","180606-3","Invasive ductal carcinoma","NovaSeq 6000","PE150, polyA encrichment","R49BR_1","3|Breast|31906L|180606-3"
"R49BR_2",3,"Breast","RA11_049","31906L","180606-3","Invasive ductal carcinoma","NovaSeq 6000","PE150, polyA encrichment","R49BR_2","3|Breast|31906L|180606-3"
"R49BR_3",3,"Breast","RA11_049","31906L","180606-3","Invasive ductal carcinoma","NovaSeq 6000","PE150, polyA encrichment","R49BR_3","3|Breast|31906L|180606-3"
"R49LIV_1",3,"Liver/Bile Duct","RA11_049","31917L","180609-3","Invasive ductal carcinoma","NovaSeq 6000","PE150, polyA encrichment","R49LIV_1","3|Liver/Bile Duct|31917L|180609-3"
"R49LIV_2",3,"Liver/Bile Duct","RA11_049","31917L","180609-3","Invasive ductal carcinoma","NovaSeq 6000","PE150, polyA encrichment","R49LIV_2","3|Liver/Bile Duct|31917L|180609-3"
"R49LUN_1",3,"Lung","RA11_049","31966L","180608-3","Invasive ductal carcinoma","NovaSeq 6000","PE150, polyA encrichment","R49LUN_1","3|Lung|31966L|180608-3"
"R49LUN_2",3,"Lung","RA11_049","31966L","180608-3","Invasive ductal carcinoma","NovaSeq 6000","PE150, polyA encrichment","R49LUN_2","3|Lung|31966L|180608-3"
"R8BR-1",1,"Breast","RA11_008","39F05L","121197-3","Invasive ductal carcinoma","NovaSeq 6000","PE150, polyA encrichment","R8BR_1","1|Breast|39F05L|121197-3"
"R8BR-2",1,"Breast","RA11_008","39F05L","121197-3","Invasive ductal carcinoma","NovaSeq 6000","PE150, polyA encrichment","R8BR_2","1|Breast|39F05L|121197-3"
"R8LIV-1",1,"Liver/Bile Duct","RA11_008","39F06L","121196-3","Invasive ductal carcinoma","NovaSeq 6000","PE150, polyA encrichment","R8LIV_1","1|Liver/Bile Duct|39F06L|121196-3"
"R8LIV-2",1,"Liver/Bile Duct","RA11_008","39F06L","121196-3","Invasive ductal carcinoma","NovaSeq 6000","PE150, polyA encrichment","R8LIV_2","1|Liver/Bile Duct|39F06L|121196-3"
"R8LUN-1",1,"Lung","RA11_008","39F07L","121195-3","Invasive ductal carcinoma","NovaSeq 6000","PE150, polyA encrichment","R8LUN_1","1|Lung|39F07L|121195-3"
"R8LUN-2",1,"Lung","RA11_008","39F07L","121195-3","Invasive ductal carcinoma","NovaSeq 6000","PE150, polyA encrichment","R8LUN_2","1|Lung|39F07L|121195-3"
