"specimen_id","1|Breast|39F05L|121197-3","1|Liver/Bile Duct|39F06L|121196-3","1|Lung|39F07L|121195-3","2|Breast|1BE09L|160417-2","2|Liver/Bile Duct|1BDB0L|160415-3","3|Breast|31906L|180606-3","3|Liver/Bile Duct|31917L|180609-3","3|Lung|31966L|180608-3","4|Liver/Bile Duct|5235L|140513-2","4|Lung|5233L|140512-1","5|Liver/Bile Duct|DBF0L|150305-3","5|Lung|DB3BL|150293-3","6|Liver/Bile Duct|164C1L|150895-2","6|Lung|16483L|150888-2","7|Liver/Bile Duct|19D4AL|160203-3","7|Lung|19D40L|160208-3"
"1|Breast|39F05L|121197-3",0,157.240629690016,218.892110651635,287.623798457468,238.349164082133,271.541304546695,304.144762210904,282.729940389329,367.48593742319,278.299523182687,261.603338062672,264.098013599321,260.50611301676,253.326606088139,263.734286205366,233.257053106545
"1|Liver/Bile Duct|39F06L|121196-3",157.240629690016,0,221.178803496269,320.628085095683,238.36775535073,298.971415823583,311.549587128086,293.834530075606,355.94458217165,298.361012277019,242.237998689038,292.489509153683,262.0427111728,279.14020793699,244.884836439673,261.129672813294
"1|Lung|39F07L|121195-3",218.892110651635,221.178803496269,0,322.565783040963,247.873732897095,288.948769408669,309.480919940777,278.586457284384,379.249919333056,276.026726005936,252.733746565153,260.642394251856,251.002201447132,240.183998972532,245.642493730112,248.185685177074
"2|Breast|1BE09L|160417-2",287.623798457468,320.628085095683,322.565783040963,0,309.941130990526,280.231410046438,362.217166259856,332.913476064646,329.897704947184,224.050208143878,333.795715873815,244.269151359875,287.793847588568,268.377424205813,329.647958807113,245.384548907748
"2|Liver/Bile Duct|1BDB0L|160415-3",238.349164082133,238.36775535073,247.873732897095,309.941130990526,0,300.693051260309,311.910541026451,298.095340149782,376.586691585865,296.966192388294,249.589114522628,282.369002947102,268.737421267049,274.072811332677,256.371559479132,253.381827714037
"3|Breast|31906L|180606-3",271.541304546695,298.971415823583,288.948769408669,280.231410046438,300.693051260309,0,241.504401360493,199.449456925952,379.635479641006,278.922470556335,303.656376215473,260.309118862424,265.89708531798,256.500994001486,290.058584041455,250.990071150093
"3|Liver/Bile Duct|31917L|180609-3",304.144762210904,311.549587128086,309.480919940777,362.217166259856,311.910541026451,241.504401360493,0,185.006457448125,417.102966000043,342.329661437678,307.156549639132,322.769593565061,296.117884644935,302.879316629976,298.061058190863,302.327999858124
"3|Lung|31966L|180608-3",282.729940389329,293.834530075606,278.586457284384,332.913476064646,298.095340149782,199.449456925952,185.006457448125,0,397.977402561256,298.797435526717,290.973650751512,275.044931695987,261.326444508865,255.212482649201,277.288990738578,266.220636777489
"4|Liver/Bile Duct|5235L|140513-2",367.48593742319,355.94458217165,379.249919333056,329.897704947184,376.586691585865,379.635479641006,417.102966000043,397.977402561256,0,295.872880322459,380.313002083449,344.807002785446,328.113870375823,344.705299457852,351.391193938958,323.143521848942
"4|Lung|5233L|140512-1",278.299523182687,298.361012277019,276.026726005936,224.050208143878,296.966192388294,278.922470556335,342.329661437678,298.797435526717,295.872880322459,0,315.329041047984,173.3478837658,242.616571957173,198.493345550113,302.736779912328,217.307290045632
"5|Liver/Bile Duct|DBF0L|150305-3",261.603338062672,242.237998689038,252.733746565153,333.795715873815,249.589114522628,303.656376215473,307.156549639132,290.973650751512,380.313002083449,315.329041047984,0,277.744082386454,266.740248121812,283.316926671665,232.543048508488,264.429380926145
"5|Lung|DB3BL|150293-3",264.098013599321,292.489509153683,260.642394251856,244.269151359875,282.369002947102,260.309118862424,322.769593565061,275.044931695987,344.807002785446,173.3478837658,277.744082386454,0,219.837848429214,168.390890330414,280.263757552794,199.242913467739
"6|Liver/Bile Duct|164C1L|150895-2",260.50611301676,262.0427111728,251.002201447132,287.793847588568,268.737421267049,265.89708531798,296.117884644935,261.326444508865,328.113870375823,242.616571957173,266.740248121812,219.837848429214,0,149.655173779516,234.072698071216,215.738529639901
"6|Lung|16483L|150888-2",253.326606088139,279.14020793699,240.183998972532,268.377424205813,274.072811332677,256.500994001486,302.879316629976,255.212482649201,344.705299457852,198.493345550113,283.316926671665,168.390890330414,149.655173779516,0,259.846171704406,191.164986597576
"7|Liver/Bile Duct|19D4AL|160203-3",263.734286205366,244.884836439673,245.642493730112,329.647958807113,256.371559479132,290.058584041455,298.061058190863,277.288990738578,351.391193938958,302.736779912328,232.543048508488,280.263757552794,234.072698071216,259.846171704406,0,217.01096109389
"7|Lung|19D40L|160208-3",233.257053106545,261.129672813294,248.185685177074,245.384548907748,253.381827714037,250.990071150093,302.327999858124,266.220636777489,323.143521848942,217.307290045632,264.429380926145,199.242913467739,215.738529639901,191.164986597576,217.01096109389,0
